Workbook
Name Slicer_Business_Unit: #N/A
Name Slicer_Region: #N/A
Name Slicer_Risk_Level: #N/A
Name Slicer_Status: #N/A

Sheet README
A1: Enterprise Data Governance & Compliance Operations Hub
A3: Project objective | B3: Synthetic portfolio project demonstrating governance data maintenance, exception reporting, SharePoint-ready structure, automation design, Power BI-ready metrics, and executive communication.
A4: Reporting snapshot | B4: 46295
A5: Data status | B5: Synthetic / simulated; no employer data.
A6: Workflow | B6: Controls_Raw → Power Query → Cleaned_Controls → SharePoint → Power Automate → Power BI → PowerPoint
A7: Public reference basis | B7: NIST Cybersecurity Framework 2.0 taxonomy; ISO 3166 country standardization; Microsoft implementation documentation.

Sheet PQ_Analysis
A3: Row Labels | B3: Count of Control_ID
A4: Critical | B4: 126
A5: High | B5: 317
A6: Low | B6: 438
A7: Medium | B7: 619
A8: Grand Total | B8: 1500

Sheet PQ_Regional_Analysis
A3: Count of Control_ID | B3: Risk Levels
A4: Regions | B4: Critical | C4: High | D4: Low | E4: Medium | F4: Grand Total
A5: Asia Pacific | B5: 35 | C5: 95 | D5: 149 | E5: 206 | F5: 485
A6: Europe | B6: 46 | C6: 127 | D6: 157 | E6: 207 | F6: 537
A7: North America | B7: 45 | C7: 95 | D7: 132 | E7: 206 | F7: 478
A8: Grand Total | B8: 126 | C8: 317 | D8: 438 | E8: 619 | F8: 1500

Sheet PQ_Issue_Analysis
A1: Row Labels | B1: Sum of Issue_Count
A2: Commercial | B2: 502
A3: Finance | B3: 473
A4: Human Resources | B4: 370
A5: Operations | B5: 450
A6: Risk & Compliance | B6: 436
A7: Technology | B7: 493
A8: Grand Total | B8: 2724

Sheet PQ_Governance_Exceptions
A3: Ownership_Flag | B3: Count of Control_ID | D3: Evidence_Flag | E3: Count of Control_ID | G3: Review_Flag | H3: Count of Control_ID
A4: Assigned | B4: 1468 | D4: Complete | E4: 503 | G4: Current | H4: 622
A5: Missing Owner | B5: 32 | D5: Missing | E5: 503 | G5: Overdue | H5: 878
A6: Grand Total | B6: 1500 | D6: Missing Evidence | E6: 19 | G6: Grand Total | H6: 1500
D7: Pending | E7: 475
D8: Grand Total | E8: 1500

Sheet PQ_Cleaned_Controls
A1: Control_ID | B1: Control_Name | C1: CSF_Function | D1: CSF_Category | E1: Business_Unit | F1: Region | G1: Country | H1: Risk_Level | I1: Control_Owner | J1: Review_Frequency | K1: Last_Review_Date | L1: Next_Review_Date | M1: Status | N1: Evidence_Status | O1: Issue_Count | P1: Remediation_Owner | Q1: Remediation_Due_Date | R1: Remediation_Status | S1: Review_Flag | T1: Ownership_Flag | U1: Evidence_Flag | V1: Risk_Flag
A2: CTRL-0001 | B2: Data Control 1 | C2: GOVERN | D2: GV.RM | E2: Finance | F2: Asia Pacific | G2: Singapore | H2: High | J2: Semiannual | K2: 46150 | L2: 46240 | M2: Overdue | O2: 1 | P2: Alex Chen | Q2: 46167 | R2: Overdue | S2: Overdue | T2: Missing Owner | U2: Missing Evidence | V2: Elevated
A3: CTRL-0002 | B3: Policy Control 2 | C3: PROTECT | D3: PR.AA | E3: Technology | F3: North America | G3: United States | H3: Low | I3: Alex Chen | J3: Quarterly | K3: 45988 | L3: 46078 | M3: Overdue | N3: Missing | O3: 3 | P3: Jordan Lee | Q3: 46227 | R3: Overdue | S3: Overdue | T3: Assigned | U3: Missing | V3: Standard
A4: CTRL-0003 | B4: Reconciliation Control 3 | C4: GOVERN | D4: GV.RM | E4: Operations | F4: Asia Pacific | G4: Singapore | H4: Low | I4: Sam Rivera | J4: Semiannual | K4: 45885 | L4: 46065 | M4: Overdue | N4: Complete | O4: 0 | P4: Taylor Morgan | Q4: 46309 | R4: Not Required | S4: Overdue | T4: Assigned | U4: Complete | V4: Standard
A5: CTRL-0004 | B5: Access Control 4 | C5: GOVERN | D5: GV.RM | E5: Human Resources | F5: North America | G5: Canada | H5: Low | I5: Emma Schmidt | J5: Annual | K5: 46235 | L5: 46600 | M5: Completed | N5: Missing | O5: 2 | P5: Sam Rivera | Q5: 46410 | R5: Completed | S5: Current | T5: Assigned | U5: Missing | V5: Standard
A6: CTRL-0005 | B6: Incident Control 5 | C6: PROTECT | D6: PR.AA | E6: Technology | F6: Europe | G6: United Kingdom | H6: High | I6: Emma Schmidt | J6: Annual | K6: 46133 | L6: 46313 | M6: Not Started | N6: Complete | O6: 2 | P6: Maya Patel | Q6: 46296 | R6: Completed | S6: Current | T6: Assigned | U6: Complete | V6: Elevated
A7: CTRL-0006 | B7: Policy Control 6 | C7: DETECT | D7: DE.CM | E7: Human Resources | F7: Asia Pacific | G7: Singapore | H7: High | I7: Jordan Lee | J7: Quarterly | K7: 46039 | L7: 46219 | M7: Overdue | N7: Pending | O7: 5 | P7: Sam Rivera | Q7: 46400 | R7: Completed | S7: Overdue | T7: Assigned | U7: Pending | V7: Elevated
A8: CTRL-0007 | B8: Incident Control 7 | C8: RESPOND | D8: RS.MA | E8: Risk & Compliance | F8: North America | G8: Canada | H8: Low | I8: Sam Rivera | J8: Semiannual | K8: 45808 | L8: 46173 | M8: Overdue | N8: Missing | O8: 2 | P8: Jordan Lee | Q8: 46223 | R8: Overdue | S8: Overdue | T8: Assigned | U8: Missing | V8: Standard
A9: CTRL-0008 | B9: Data Control 8 | C9: GOVERN | D9: GV.RR | E9: Technology | F9: Europe | G9: United Kingdom | H9: High | I9: Taylor Morgan | J9: Semiannual | K9: 45893 | L9: 46258 | M9: Overdue | N9: Pending | O9: 4 | P9: Maya Patel | Q9: 46319 | R9: In Progress | S9: Overdue | T9: Assigned | U9: Pending | V9: Elevated
A10: CTRL-0009 | B10: Incident Control 9 | C10: GOVERN | D10: GV.OC | E10: Technology | F10: North America | G10: United States | H10: Medium | I10: Emma Schmidt | J10: Annual | K10: 45970 | L10: 46060 | M10: Overdue | N10: Pending | O10: 3 | P10: Maya Patel | Q10: 46354 | R10: In Progress | S10: Overdue | T10: Assigned | U10: Pending | V10: Standard
A11: CTRL-0010 | B11: Data Control 10 | C11: GOVERN | D11: GV.RR | E11: Commercial | F11: Asia Pacific | G11: Singapore | H11: Medium | I11: Taylor Morgan | J11: Quarterly | K11: 46053 | L11: 46143 | M11: Overdue | N11: Pending | O11: 0 | P11: Taylor Morgan | Q11: 46249 | R11: Not Required | S11: Overdue | T11: Assigned | U11: Pending | V11: Standard
A12: CTRL-0011 | B12: Policy Control 11 | C12: DETECT | D12: DE.CM | E12: Technology | F12: Asia Pacific | G12: Singapore | H12: Medium | I12: Jordan Lee | J12: Semiannual | K12: 45999 | L12: 46364 | M12: Not Started | N12: Pending | O12: 0 | P12: Sam Rivera | Q12: 46172 | R12: Not Required | S12: Current | T12: Assigned | U12: Pending | V12: Standard
A13: CTRL-0012 | B13: Data Control 12 | C13: RECOVER | D13: RC.RP | E13: Human Resources | F13: North America | G13: United States | H13: Critical | I13: Maya Patel | J13: Quarterly | K13: 45901 | L13: 46081 | M13: Overdue | N13: Complete | O13: 4 | P13: Taylor Morgan | Q13: 46179 | R13: Completed | S13: Overdue | T13: Assigned | U13: Complete | V13: Elevated
A14: CTRL-0013 | B14: Access Control 13 | C14: RECOVER | D14: RC.RP | E14: Technology | F14: Asia Pacific | G14: Singapore | H14: Critical | I14: Sam Rivera | J14: Quarterly | K14: 45910 | L14: 46090 | M14: Overdue | N14: Pending | O14: 5 | P14: Sam Rivera | Q14: 46306 | R14: In Progress | S14: Overdue | T14: Assigned | U14: Pending | V14: Elevated
... A48: CTRL-0012 | B48: Data Control 47 | C48: PROTECT | D48: PR.AA | E48: Operations | F48: Europe | G48: Germany | H48: Low | I48: Noah Williams | J48: Quarterly | K48: 46182 | L48: 46362 | M48: Completed | N48: Pending | O48: 2 | P48: Sam Rivera | Q48: 46258 | R48: Overdue | S48: Current | T48: Assigned | U48: Pending | V48: Standard
A49: CTRL-0013 | B49: Access Control 48 | C49: GOVERN | D49: GV.OC | E49: Commercial | F49: North America | G49: United States | H49: Medium | J49: Semiannual | K49: 45991 | L49: 46081 | M49: Overdue | N49: Missing | O49: 3 | P49: Sam Rivera | Q49: 46366 | R49: In Progress | S49: Overdue | T49: Missing Owner | U49: Missing | V49: Standard
A50: CTRL-0014 | B50: Reconciliation Control 49 | C50: PROTECT | D50: PR.AA | E50: Operations | F50: Europe | G50: United Kingdom | H50: Medium | I50: Noah Williams | J50: Semiannual | K50: 46033 | L50: 46398 | M50: Completed | N50: Pending | O50: 2 | P50: Sam Rivera | Q50: 46295 | R50: In Progress | S50: Current | T50: Assigned | U50: Pending | V50: Standard
A51: CTRL-0015 | B51: Access Control 50 | C51: PROTECT | D51: PR.AA | E51: Operations | F51: North America | G51: United States | H51: Low | I51: Jordan Lee | J51: Quarterly | K51: 46177 | L51: 46267 | M51: Overdue | N51: Missing | O51: 3 | P51: Taylor Morgan | Q51: 46256 | R51: Overdue | S51: Overdue | T51: Assigned | U51: Missing | V51: Standard
A52: CTRL-0016 | B52: Access Control 51 | C52: RECOVER | D52: RC.RP | E52: Technology | F52: North America | G52: Canada | H52: Medium | I52: Jordan Lee | J52: Quarterly | K52: 46135 | L52: 46225 | M52: Overdue | N52: Complete | O52: 2 | P52: Taylor Morgan | Q52: 46179 | R52: Overdue | S52: Overdue | T52: Assigned | U52: Complete | V52: Standard
A53: CTRL-0017 | B53: Change Control 52 | C53: GOVERN | D53: GV.OC | E53: Risk & Compliance | F53: Europe | G53: Germany | H53: Medium | I53: Alex Chen | J53: Quarterly | K53: 46146 | L53: 46326 | M53: Completed | N53: Complete | O53: 3 | P53: Taylor Morgan | Q53: 46366 | R53: Completed | S53: Current | T53: Assigned | U53: Complete | V53: Standard
A54: CTRL-0018 | B54: Policy Control 53 | C54: PROTECT | D54: PR.AA | E54: Finance | F54: North America | G54: United States | H54: Medium | I54: Emma Schmidt | J54: Annual | K54: 45965 | L54: 46330 | M54: In Progress | N54: Missing | O54: 3 | P54: Emma Schmidt | Q54: 46345 | R54: In Progress | S54: Current | T54: Assigned | U54: Missing | V54: Standard
A55: CTRL-0019 | B55: Change Control 54 | C55: GOVERN | D55: GV.RR | E55: Human Resources | F55: Europe | G55: United Kingdom | H55: Critical | I55: Maya Patel | J55: Quarterly | K55: 45885 | L55: 45975 | M55: Overdue | N55: Missing | O55: 1 | P55: Maya Patel | Q55: 46250 | R55: Overdue | S55: Overdue | T55: Assigned | U55: Missing | V55: Elevated
A56: CTRL-0020 | B56: Access Control 55 | C56: RECOVER | D56: RC.RP | E56: Risk & Compliance | F56: North America | G56: United States | H56: Medium | I56: Liam Brown | J56: Annual | K56: 46126 | L56: 46216 | M56: Overdue | N56: Complete | O56: 2 | P56: Sam Rivera | Q56: 46259 | R56: Overdue | S56: Overdue | T56: Assigned | U56: Complete | V56: Standard
A57: CTRL-0056 | B57: Data Control 56 | C57: PROTECT | D57: PR.AA | E57: Risk & Compliance | F57: Europe | G57: United Kingdom | H57: Low | I57: Sam Rivera | J57: Annual | K57: 45944 | L57: 46034 | M57: Overdue | N57: Pending | O57: 1 | P57: Taylor Morgan | Q57: 46151 | R57: Completed | S57: Overdue | T57: Assigned | U57: Pending | V57: Standard
A58: CTRL-0057 | B58: Incident Control 57 | C58: RESPOND | D58: RS.MA | E58: Risk & Compliance | F58: Europe | G58: United Kingdom | H58: Medium | I58: Emma Schmidt | J58: Semiannual | K58: 46136 | L58: 46501 | M58: Completed | N58: Pending | O58: 0 | P58: Taylor Morgan | Q58: 46135 | R58: Not Required | S58: Current | T58: Assigned | U58: Pending | V58: Standard
A59: CTRL-0058 | B59: Vendor Control 58 | C59: GOVERN | D59: GV.RR | E59: Technology | F59: North America | G59: United States | H59: Critical | I59: Alex Chen | J59: Annual | K59: 45884 | L59: 46249 | M59: Overdue | N59: Pending | O59: 4 | P59: Liam Brown | Q59: 46135 | R59: Overdue | S59: Overdue | T59: Assigned | U59: Pending | V59: Elevated
A60: CTRL-0059 | B60: Vendor Control 59 | C60: DETECT | D60: DE.CM | E60: Human Resources | F60: Europe | G60: United Kingdom | H60: Medium | I60: Liam Brown | J60: Annual | K60: 46229 | L60: 46409 | M60: Completed | N60: Pending | O60: 2 | P60: Liam Brown | Q60: 46168 | R60: Overdue | S60: Current | T60: Assigned | U60: Pending | V60: Standard
A61: CTRL-0060 | B61: Incident Control 60 | C61: GOVERN | D61: GV.OC | E61: Human Resources | F61: Europe | G61: Germany | H61: Low | I61: Maya Patel | J61: Annual | K61: 46114 | L61: 46294 | M61: Overdue | N61: Pending | O61: 0 | P61: Liam Brown | Q61: 46321 | R61: Not Required | S61: Overdue | T61: Assigned | U61: Pending | V61: Standard
... A84: CTRL-0083 | B84: Change Control 83 | C84: GOVERN | D84: GV.OC | E84: Technology | F84: Asia Pacific | G84: Singapore | H84: Low | I84: Alex Chen | J84: Annual | K84: 46208 | L84: 46298 | M84: Completed | N84: Complete | O84: 2 | P84: Emma Schmidt | Q84: 46123 | R84: Completed | S84: Current | T84: Assigned | U84: Complete | V84: Standard
A85: CTRL-0084 | B85: Data Control 84 | C85: IDENTIFY | D85: ID.AM | E85: Commercial | F85: Asia Pacific | G85: Singapore | H85: Low | I85: Liam Brown | J85: Quarterly | K85: 45877 | L85: 46057 | M85: Overdue | O85: 0 | P85: Taylor Morgan | Q85: 46346 | R85: Not Required | S85: Overdue | T85: Assigned | U85: Missing Evidence | V85: Standard
A86: CTRL-0085 | B86: Data Control 85 | C86: DETECT | D86: DE.CM | E86: Finance | F86: Europe | G86: United Kingdom | H86: Critical | I86: Emma Schmidt | J86: Quarterly | K86: 46057 | L86: 46422 | M86: Completed | N86: Missing | O86: 3 | P86: Maya Patel | Q86: 46152 | R86: Overdue | S86: Current | T86: Assigned | U86: Missing | V86: Elevated
A87: CTRL-0086 | B87: Policy Control 86 | C87: GOVERN | D87: GV.RM | E87: Human Resources | F87: North America | G87: Canada | H87: Medium | I87: Noah Williams | J87: Annual | K87: 46080 | L87: 46445 | M87: Completed | N87: Pending | O87: 3 | P87: Sam Rivera | Q87: 46165 | R87: Overdue | S87: Current | T87: Assigned | U87: Pending | V87: Standard
A88: CTRL-0087 | B88: Reconciliation Control 87 | C88: RESPOND | D88: RS.MA | E88: Technology | F88: Europe | G88: Germany | H88: Medium | I88: Liam Brown | J88: Annual | K88: 46071 | L88: 46251 | M88: Overdue | N88: Missing | O88: 0 | P88: Taylor Morgan | Q88: 46275 | R88: Not Required | S88: Overdue | T88: Assigned | U88: Missing | V88: Standard
A89: CTRL-0088 | B89: Data Control 88 | C89: GOVERN | D89: GV.OC | E89: Commercial | F89: Europe | G89: United Kingdom | H89: Critical | I89: Maya Patel | J89: Annual | K89: 46229 | L89: 46319 | M89: Completed | N89: Complete | O89: 5 | P89: Noah Williams | Q89: 46305 | R89: In Progress | S89: Current | T89: Assigned | U89: Complete | V89: Elevated
A90: CTRL-0089 | B90: Change Control 89 | C90: IDENTIFY | D90: ID.AM | E90: Risk & Compliance | F90: Asia Pacific | G90: Singapore | H90: Medium | I90: Emma Schmidt | J90: Annual | K90: 45831 | L90: 46196 | M90: Overdue | N90: Complete | O90: 2 | P90: Liam Brown | Q90: 46274 | R90: Overdue | S90: Overdue | T90: Assigned | U90: Complete | V90: Standard
A91: CTRL-0090 | B91: Access Control 90 | C91: PROTECT | D91: PR.AA | E91: Operations | F91: North America | G91: United States | H91: High | I91: Noah Williams | J91: Quarterly | K91: 46217 | L91: 46397 | M91: Not Started | N91: Missing | O91: 4 | P91: Taylor Morgan | Q91: 46400 | R91: Completed | S91: Current | T91: Assigned | U91: Missing | V91: Elevated
A92: CTRL-0091 | B92: Access Control 91 | C92: GOVERN | D92: GV.OC | E92: Operations | F92: Asia Pacific | G92: Singapore | H92: Medium | I92: Jordan Lee | J92: Annual | K92: 45830 | L92: 45920 | M92: Overdue | N92: Missing | O92: 3 | P92: Sam Rivera | Q92: 46150 | R92: Completed | S92: Overdue | T92: Assigned | U92: Missing | V92: Standard
A93: CTRL-0092 | B93: Change Control 92 | C93: GOVERN | D93: GV.RR | E93: Risk & Compliance | F93: Europe | G93: Germany | H93: Medium | I93: Noah Williams | J93: Annual | K93: 46116 | L93: 46481 | M93: Completed | N93: Missing | O93: 0 | P93: Alex Chen | Q93: 46141 | R93: Not Required | S93: Current | T93: Assigned | U93: Missing | V93: Standard
A94: CTRL-0093 | B94: Access Control 93 | C94: RESPOND | D94: RS.MA | E94: Operations | F94: Asia Pacific | G94: Singapore | H94: Medium | I94: Emma Schmidt | J94: Semiannual | K94: 46027 | L94: 46392 | M94: Completed | N94: Pending | O94: 1 | P94: Liam Brown | Q94: 46377 | R94: Completed | S94: Current | T94: Assigned | U94: Pending | V94: Standard
A95: CTRL-0094 | B95: Access Control 94 | C95: GOVERN | D95: GV.RM | E95: Finance | F95: Asia Pacific | G95: Singapore | H95: Low | I95: Alex Chen | J95: Semiannual | K95: 46272 | L95: 46362 | M95: Completed | N95: Complete | O95: 1 | P95: Emma Schmidt | Q95: 46245 | R95: Completed | S95: Current | T95: Assigned | U95: Complete | V95: Standard
A96: CTRL-0095 | B96: Access Control 95 | C96: RECOVER | D96: RC.RP | E96: Risk & Compliance | F96: North America | G96: United States | H96: Medium | J96: Semiannual | K96: 46158 | L96: 46523 | M96: Not Started | N96: Complete | O96: 3 | P96: Emma Schmidt | Q96: 46136 | R96: Overdue | S96: Current | T96: Missing Owner | U96: Complete | V96: Standard
A97: CTRL-0096 | B97: Access Control 96 | C97: DETECT | D97: DE.CM | E97: Commercial | F97: Asia Pacific | G97: Singapore | H97: Medium | I97: Taylor Morgan | J97: Semiannual | K97: 46217 | L97: 46397 | M97: Completed | N97: Pending | O97: 1 | P97: Maya Patel | Q97: 46350 | R97: In Progress | S97: Current | T97: Assigned | U97: Pending | V97: Standard
A98: CTRL-0097 | B98: Access Control 97 | C98: GOVERN | D98: GV.RR | E98: Human Resources | F98: North America | G98: Canada | H98: Medium | I98: Maya Patel | J98: Annual | K98: 46073 | L98: 46253 | M98: Overdue | N98: Missing | O98: 2 | P98: Maya Patel | Q98: 46228 | R98: Completed | S98: Overdue | T98: Assigned | U98: Missing | V98: Standard
A99: CTRL-0098 | B99: Policy Control 98 | C99: GOVERN | D99: GV.RR | E99: Operations | F99: Asia Pacific | G99: Singapore | H99: Medium | I99: Jordan Lee | J99: Annual | K99: 46155 | L99: 46245 | M99: Overdue | N99: Complete | O99: 2 | P99: Maya Patel | Q99: 46216 | R99: Completed | S99: Overdue | T99: Assigned | U99: Complete | V99: Standard
A100: CTRL-0099 | B100: Change Control 99 | C100: DETECT | D100: DE.CM | E100: Risk & Compliance | F100: North America | G100: Canada | H100: High | I100: Liam Brown | J100: Semiannual | K100: 45927 | L100: 46292 | M100: Overdue | N100: Missing | O100: 5 | P100: Maya Patel | Q100: 46280 | R100: Overdue | S100: Overdue | T100: Assigned | U100: Missing | V100: Elevated
A101: CTRL-0100 | B101: Vendor Control 100 | C101: RECOVER | D101: RC.RP | E101: Commercial | F101: Europe | G101: Germany | H101: Medium | I101: Taylor Morgan | J101: Quarterly | K101: 45973 | L101: 46063 | M101: Overdue | N101: Pending | O101: 0 | P101: Alex Chen | Q101: 46273 | R101: Not Required | S101: Overdue | T101: Assigned | U101: Pending | V101: Standard
A102: CTRL-0101 | B102: Reconciliation Control 101 | C102: IDENTIFY | D102: ID.AM | E102: Finance | F102: Europe | G102: Germany | H102: Medium | I102: Maya Patel | J102: Annual | K102: 45961 | L102: 46326 | M102: Completed | N102: Pending | O102: 0 | P102: Liam Brown | Q102: 46345 | R102: Not Required | S102: Current | T102: Assigned | U102: Pending | V102: Standard
A103: CTRL-0102 | B103: Vendor Control 102 | C103: RECOVER | D103: RC.RP | E103: Finance | F103: Asia Pacific | G103: Singapore | H103: Medium | I103: Noah Williams | J103: Annual | K103: 45910 | L103: 46000 | M103: Overdue | N103: Missing | O103: 1 | P103: Jordan Lee | Q103: 46135 | R103: Completed | S103: Overdue | T103: Assigned | U103: Missing | V103: Standard
A104: CTRL-0103 | B104: Reconciliation Control 103 | C104: RESPOND | D104: RS.MA | E104: Operations | F104: Europe | G104: Germany | H104: Medium | I104: Noah Williams | J104: Semiannual | K104: 45928 | L104: 46293 | M104: Overdue | N104: Complete | O104: 2 | P104: Jordan Lee | Q104: 46148 | R104: Completed | S104: Overdue | T104: Assigned | U104: Complete | V104: Standard
A105: CTRL-0104 | B105: Incident Control 104 | C105: RESPOND | D105: RS.MA | E105: Human Resources | F105: Europe | G105: United Kingdom | H105: Medium | I105: Noah Williams | J105: Semiannual | K105: 46117 | L105: 46482 | M105: Not Started | N105: Complete | O105: 0 | P105: Jordan Lee | Q105: 46273 | R105: Not Required | S105: Current | T105: Assigned | U105: Complete | V105: Standard
A106: CTRL-0105 | B106: Change Control 105 | C106: GOVERN | D106: GV.RR | E106: Commercial | F106: Asia Pacific | G106: Singapore | H106: Medium | I106: Noah Williams | J106: Quarterly | K106: 46266 | L106: 46446 | M106: Completed | N106: Complete | O106: 2 | P106: Taylor Morgan | Q106: 46363 | R106: Completed | S106: Current | T106: Assigned | U106: Complete | V106: Standard
A107: CTRL-0106 | B107: Incident Control 106 | C107: GOVERN | D107: GV.RR | E107: Commercial | F107: North America | G107: United States | H107: Medium | I107: Jordan Lee | J107: Semiannual | K107: 45970 | L107: 46150 | M107: Overdue | N107: Complete | O107: 1 | P107: Alex Chen | Q107: 46207 | R107: Overdue | S107: Overdue | T107: Assigned | U107: Complete | V107: Standard
A108: CTRL-0107 | B108: Policy Control 107 | C108: PROTECT | D108: PR.AA | E108: Commercial | F108: Europe | G108: Germany | H108: High | I108: Liam Brown | J108: Semiannual | K108: 45963 | L108: 46143 | M108: Overdue | N108: Missing | O108: 3 | P108: Sam Rivera | Q108: 46234 | R108: Overdue | S108: Overdue | T108: Assigned | U108: Missing | V108: Elevated
... A142: CTRL-0141 | B142: Data Control 141 | C142: RECOVER | D142: RC.RP | E142: Human Resources | F142: Asia Pacific | G142: Singapore | H142: Low | I142: Noah Williams | J142: Semiannual | K142: 45936 | L142: 46116 | M142: Overdue | N142: Missing | O142: 3 | P142: Noah Williams | Q142: 46275 | R142: Overdue | S142: Overdue | T142: Assigned | U142: Missing | V142: Standard
A143: CTRL-0142 | B143: Reconciliation Control 142 | C143: RECOVER | D143: RC.RP | E143: Human Resources | F143: Asia Pacific | G143: Singapore | H143: Medium | J143: Semiannual | K143: 46149 | L143: 46329 | M143: In Progress | N143: Pending | O143: 2 | P143: Noah Williams | Q143: 46221 | R143: Overdue | S143: Current | T143: Missing Owner | U143: Pending | V143: Standard
A144: CTRL-0143 | B144: Reconciliation Control 143 | C144: GOVERN | D144: GV.RM | E144: Operations | F144: Asia Pacific | G144: Singapore | H144: Low | I144: Emma Schmidt | J144: Semiannual | K144: 45817 | L144: 45997 | M144: Overdue | N144: Pending | O144: 1 | P144: Taylor Morgan | Q144: 46263 | R144: Completed | S144: Overdue | T144: Assigned | U144: Pending | V144: Standard
A145: CTRL-0144 | B145: Change Control 144 | C145: IDENTIFY | D145: ID.AM | E145: Technology | F145: Asia Pacific | G145: Singapore | H145: Low | I145: Taylor Morgan | J145: Quarterly | K145: 45798 | L145: 46163 | M145: Overdue | N145: Missing | O145: 2 | P145: Sam Rivera | Q145: 46185 | R145: Completed | S145: Overdue | T145: Assigned | U145: Missing | V145: Standard
A146: CTRL-0145 | B146: Vendor Control 145 | C146: GOVERN | D146: GV.RR | E146: Finance | F146: Asia Pacific | G146: Singapore | H146: Low | I146: Noah Williams | J146: Annual | K146: 45908 | L146: 46088 | M146: Overdue | N146: Complete | O146: 1 | P146: Liam Brown | Q146: 46117 | R146: Overdue | S146: Overdue | T146: Assigned | U146: Complete | V146: Standard
A147: CTRL-0146 | B147: Change Control 146 | C147: GOVERN | D147: GV.OC | E147: Operations | F147: Europe | G147: United Kingdom | H147: Medium | I147: Alex Chen | J147: Semiannual | K147: 45811 | L147: 45901 | M147: Overdue | N147: Missing | O147: 1 | P147: Jordan Lee | Q147: 46388 | R147: In Progress | S147: Overdue | T147: Assigned | U147: Missing | V147: Standard
A148: CTRL-0147 | B148: Reconciliation Control 147 | C148: DETECT | D148: DE.CM | E148: Risk & Compliance | F148: North America | G148: Canada | H148: Low | I148: Taylor Morgan | J148: Semiannual | K148: 45827 | L148: 45917 | M148: Overdue | N148: Complete | O148: 2 | P148: Liam Brown | Q148: 46405 | R148: In Progress | S148: Overdue | T148: Assigned | U148: Complete | V148: Standard
A149: CTRL-0148 | B149: Incident Control 148 | C149: GOVERN | D149: GV.OC | E149: Operations | F149: North America | G149: Canada | H149: Low | I149: Maya Patel | J149: Semiannual | K149: 46106 | L149: 46196 | M149: Overdue | N149: Missing | O149: 3 | P149: Taylor Morgan | Q149: 46246 | R149: Overdue | S149: Overdue | T149: Assigned | U149: Missing | V149: Standard
A150: CTRL-0149 | B150: Change Control 149 | C150: GOVERN | D150: GV.RM | E150: Technology | F150: Asia Pacific | G150: Singapore | H150: Medium | I150: Emma Schmidt | J150: Quarterly | K150: 45852 | L150: 46032 | M150: Overdue | N150: Missing | O150: 2 | P150: Liam Brown | Q150: 46159 | R150: Overdue | S150: Overdue | T150: Assigned | U150: Missing | V150: Standard
A151: CTRL-0150 | B151: Reconciliation Control 150 | C151: GOVERN | D151: GV.OC | E151: Finance | F151: Europe | G151: United Kingdom | H151: Low | I151: Sam Rivera | J151: Annual | K151: 46047 | L151: 46227 | M151: Overdue | N151: Pending | O151: 2 | P151: Noah Williams | Q151: 46413 | R151: In Progress | S151: Overdue | T151: Assigned | U151: Pending | V151: Standard
A152: CTRL-0151 | B152: Reconciliation Control 151 | C152: PROTECT | D152: PR.AA | E152: Finance | F152: Asia Pacific | G152: Singapore | H152: Medium | I152: Liam Brown | J152: Annual | K152: 46118 | L152: 46208 | M152: Overdue | N152: Pending | O152: 2 | P152: Sam Rivera | Q152: 46175 | R152: Overdue | S152: Overdue | T152: Assigned | U152: Pending | V152: Standard
A153: CTRL-0152 | B153: Data Control 152 | C153: GOVERN | D153: GV.RM | E153: Risk & Compliance | F153: North America | G153: United States | H153: Low | I153: Noah Williams | J153: Semiannual | K153: 46063 | L153: 46428 | M153: Completed | N153: Pending | O153: 1 | P153: Noah Williams | Q153: 46241 | R153: Overdue | S153: Current | T153: Assigned | U153: Pending | V153: Standard
A154: CTRL-0153 | B154: Incident Control 153 | C154: IDENTIFY | D154: ID.AM | E154: Finance | F154: North America | G154: United States | H154: High | I154: Sam Rivera | J154: Annual | K154: 45982 | L154: 46347 | M154: Completed | N154: Pending | O154: 4 | P154: Liam Brown | Q154: 46341 | R154: Completed | S154: Current | T154: Assigned | U154: Pending | V154: Elevated
A155: CTRL-0154 | B155: Incident Control 154 | C155: GOVERN | D155: GV.OC | E155: Finance | F155: North America | G155: Canada | H155: Medium | I155: Emma Schmidt | J155: Quarterly | K155: 46042 | L155: 46407 | M155: Completed | N155: Pending | O155: 2 | P155: Maya Patel | Q155: 46126 | R155: Overdue | S155: Current | T155: Assigned | U155: Pending | V155: Standard
... A167: CTRL-0166 | B167: Reconciliation Control 166 | C167: RESPOND | D167: RS.MA | E167: Operations | F167: Europe | G167: United Kingdom | H167: Medium | I167: Alex Chen | J167: Quarterly | K167: 45987 | L167: 46077 | M167: Overdue | N167: Missing | O167: 1 | P167: Sam Rivera | Q167: 46123 | R167: Completed | S167: Overdue | T167: Assigned | U167: Missing | V167: Standard
A168: CTRL-0167 | B168: Vendor Control 167 | C168: RECOVER | D168: RC.RP | E168: Risk & Compliance | F168: Europe | G168: United Kingdom | H168: Medium | I168: Sam Rivera | J168: Quarterly | K168: 46020 | L168: 46385 | M168: Not Started | O168: 2 | P168: Noah Williams | Q168: 46365 | R168: In Progress | S168: Current | T168: Assigned | U168: Missing Evidence | V168: Standard
A169: CTRL-0168 | B169: Policy Control 168 | C169: GOVERN | D169: GV.OC | E169: Commercial | F169: North America | G169: United States | H169: Medium | I169: Jordan Lee | J169: Quarterly | K169: 45806 | L169: 46171 | M169: Overdue | N169: Missing | O169: 0 | P169: Alex Chen | Q169: 46383 | R169: Not Required | S169: Overdue | T169: Assigned | U169: Missing | V169: Standard
A170: CTRL-0169 | B170: Incident Control 169 | C170: RECOVER | D170: RC.RP | E170: Technology | F170: North America | G170: Canada | H170: High | I170: Sam Rivera | J170: Semiannual | K170: 46241 | L170: 46606 | M170: Completed | N170: Complete | O170: 4 | P170: Alex Chen | Q170: 46348 | R170: In Progress | S170: Current | T170: Assigned | U170: Complete | V170: Elevated
A171: CTRL-0170 | B171: Data Control 170 | C171: GOVERN | D171: GV.RM | E171: Finance | F171: North America | G171: Canada | H171: Low | I171: Taylor Morgan | J171: Quarterly | K171: 46001 | L171: 46181 | M171: Overdue | N171: Complete | O171: 3 | P171: Sam Rivera | Q171: 46206 | R171: Completed | S171: Overdue | T171: Assigned | U171: Complete | V171: Standard
A172: CTRL-0171 | B172: Incident Control 171 | C172: GOVERN | D172: GV.RM | E172: Operations | F172: North America | G172: Canada | H172: Low | I172: Emma Schmidt | J172: Annual | K172: 46235 | L172: 46415 | M172: Not Started | N172: Missing | O172: 1 | P172: Alex Chen | Q172: 46230 | R172: Completed | S172: Current | T172: Assigned | U172: Missing | V172: Standard
A173: CTRL-0172 | B173: Incident Control 172 | C173: RESPOND | D173: RS.MA | E173: Risk & Compliance | F173: North America | G173: Canada | H173: Medium | I173: Liam Brown | J173: Semiannual | K173: 46247 | L173: 46612 | M173: Completed | N173: Complete | O173: 0 | P173: Maya Patel | Q173: 46370 | R173: Not Required | S173: Current | T173: Assigned | U173: Complete | V173: Standard
A174: CTRL-0173 | B174: Change Control 173 | C174: GOVERN | D174: GV.OC | E174: Technology | F174: Asia Pacific | G174: Singapore | H174: Low | I174: Liam Brown | J174: Semiannual | K174: 46137 | L174: 46227 | M174: Overdue | N174: Complete | O174: 2 | P174: Alex Chen | Q174: 46393 | R174: In Progress | S174: Overdue | T174: Assigned | U174: Complete | V174: Standard
A175: CTRL-0174 | B175: Incident Control 174 | C175: RESPOND | D175: RS.MA | E175: Commercial | F175: North America | G175: United States | H175: High | I175: Maya Patel | J175: Annual | K175: 46122 | L175: 46212 | M175: Overdue | N175: Missing | O175: 1 | P175: Noah Williams | Q175: 46405 | R175: In Progress | S175: Overdue | T175: Assigned | U175: Missing | V175: Elevated
A176: CTRL-0175 | B176: Access Control 175 | C176: DETECT | D176: DE.CM | E176: Commercial | F176: Europe | G176: United Kingdom | H176: High | I176: Noah Williams | J176: Annual | K176: 46248 | L176: 46338 | M176: Completed | N176: Complete | O176: 2 | P176: Taylor Morgan | Q176: 46318 | R176: In Progress | S176: Current | T176: Assigned | U176: Complete | V176: Elevated
A177: CTRL-0176 | B177: Policy Control 176 | C177: PROTECT | D177: PR.AA | E177: Technology | F177: Europe | G177: Germany | H177: Medium | I177: Emma Schmidt | J177: Quarterly | K177: 46054 | L177: 46144 | M177: Overdue | N177: Missing | O177: 3 | P177: Maya Patel | Q177: 46158 | R177: Overdue | S177: Overdue | T177: Assigned | U177: Missing | V177: Standard
A178: CTRL-0177 | B178: Vendor Control 177 | C178: PROTECT | D178: PR.AA | E178: Technology | F178: North America | G178: Canada | H178: Medium | I178: Jordan Lee | J178: Semiannual | K178: 45897 | L178: 46077 | M178: Overdue | N178: Pending | O178: 2 | P178: Taylor Morgan | Q178: 46169 | R178: Completed | S178: Overdue | T178: Assigned | U178: Pending | V178: Standard
A179: CTRL-0178 | B179: Data Control 178 | C179: DETECT | D179: DE.CM | E179: Finance | F179: North America | G179: United States | H179: Low | I179: Liam Brown | J179: Quarterly | K179: 45990 | L179: 46355 | M179: Completed | N179: Complete | O179: 0 | P179: Noah Williams | Q179: 46160 | R179: Not Required | S179: Current | T179: Assigned | U179: Complete | V179: Standard
A180: CTRL-0179 | B180: Reconciliation Control 179 | C180: PROTECT | D180: PR.AA | E180: Operations | F180: Europe | G180: United Kingdom | H180: Medium | I180: Maya Patel | J180: Semiannual | K180: 45904 | L180: 46269 | M180: Overdue | N180: Complete | O180: 1 | P180: Liam Brown | Q180: 46309 | R180: Completed | S180: Overdue | T180: Assigned | U180: Complete | V180: Standard
... A189: CTRL-0188 | B189: Incident Control 188 | C189: GOVERN | D189: GV.RM | E189: Operations | F189: Asia Pacific | G189: Singapore | H189: Low | I189: Alex Chen | J189: Quarterly | K189: 45861 | L189: 46226 | M189: Overdue | N189: Complete | O189: 0 | P189: Sam Rivera | Q189: 46290 | R189: Not Required | S189: Overdue | T189: Assigned | U189: Complete | V189: Standard
A190: CTRL-0189 | B190: Incident Control 189 | C190: GOVERN | D190: GV.RR | E190: Human Resources | F190: Asia Pacific | G190: Singapore | H190: Low | J190: Annual | K190: 45989 | L190: 46169 | M190: Overdue | N190: Pending | O190: 1 | P190: Emma Schmidt | Q190: 46322 | R190: In Progress | S190: Overdue | T190: Missing Owner | U190: Pending | V190: Standard
A191: CTRL-0190 | B191: Data Control 190 | C191: GOVERN | D191: GV.RM | E191: Commercial | F191: Europe | G191: United Kingdom | H191: Medium | I191: Sam Rivera | J191: Quarterly | K191: 46045 | L191: 46410 | M191: Completed | N191: Complete | O191: 1 | P191: Jordan Lee | Q191: 46220 | R191: Completed | S191: Current | T191: Assigned | U191: Complete | V191: Standard
A192: CTRL-0191 | B192: Reconciliation Control 191 | C192: GOVERN | D192: GV.RM | E192: Technology | F192: Europe | G192: Germany | H192: Medium | I192: Taylor Morgan | J192: Semiannual | K192: 45932 | L192: 46112 | M192: Overdue | N192: Missing | O192: 2 | P192: Liam Brown | Q192: 46313 | R192: In Progress | S192: Overdue | T192: Assigned | U192: Missing | V192: Standard
A193: CTRL-0192 | B193: Access Control 192 | C193: DETECT | D193: DE.CM | E193: Commercial | F193: Asia Pacific | G193: Singapore | H193: High | I193: Taylor Morgan | J193: Quarterly | K193: 45805 | L193: 46170 | M193: Overdue | N193: Missing | O193: 0 | P193: Taylor Morgan | Q193: 46183 | R193: Not Required | S193: Overdue | T193: Assigned | U193: Missing | V193: Elevated
A194: CTRL-0193 | B194: Data Control 193 | C194: GOVERN | D194: GV.RR | E194: Operations | F194: North America | G194: United States | H194: Medium | I194: Emma Schmidt | J194: Quarterly | K194: 46061 | L194: 46426 | M194: Completed | N194: Pending | O194: 3 | P194: Liam Brown | Q194: 46210 | R194: Overdue | S194: Current | T194: Assigned | U194: Pending | V194: Standard
A195: CTRL-0194 | B195: Change Control 194 | C195: GOVERN | D195: GV.RR | E195: Technology | F195: Europe | G195: United Kingdom | H195: Medium | I195: Liam Brown | J195: Semiannual | K195: 45958 | L195: 46048 | M195: Overdue | N195: Pending | O195: 0 | P195: Liam Brown | Q195: 46363 | R195: Not Required | S195: Overdue | T195: Assigned | U195: Pending | V195: Standard
A196: CTRL-0195 | B196: Reconciliation Control 195 | C196: IDENTIFY | D196: ID.AM | E196: Risk & Compliance | F196: Europe | G196: Germany | H196: High | I196: Liam Brown | J196: Quarterly | K196: 46025 | L196: 46115 | M196: Overdue | N196: Complete | O196: 4 | P196: Taylor Morgan | Q196: 46130 | R196: Overdue | S196: Overdue | T196: Assigned | U196: Complete | V196: Elevated
A197: CTRL-0196 | B197: Data Control 196 | C197: DETECT | D197: DE.CM | E197: Technology | F197: North America | G197: Canada | H197: High | I197: Liam Brown | J197: Quarterly | K197: 45994 | L197: 46359 | M197: Completed | N197: Complete | O197: 2 | P197: Liam Brown | Q197: 46393 | R197: In Progress | S197: Current | T197: Assigned | U197: Complete | V197: Elevated
A198: CTRL-0197 | B198: Vendor Control 197 | C198: GOVERN | D198: GV.RM | E198: Risk & Compliance | F198: Asia Pacific | G198: Singapore | H198: Low | I198: Sam Rivera | J198: Quarterly | K198: 46123 | L198: 46213 | M198: Overdue | N198: Pending | O198: 2 | P198: Sam Rivera | Q198: 46293 | R198: Overdue | S198: Overdue | T198: Assigned | U198: Pending | V198: Standard
A199: CTRL-0198 | B199: Data Control 198 | C199: PROTECT | D199: PR.AA | E199: Commercial | F199: North America | G199: Canada | H199: Medium | I199: Emma Schmidt | J199: Annual | K199: 46191 | L199: 46556 | M199: Completed | N199: Complete | O199: 1 | P199: Jordan Lee | Q199: 46145 | R199: Overdue | S199: Current | T199: Assigned | U199: Complete | V199: Standard
A200: CTRL-0199 | B200: Policy Control 199 | C200: DETECT | D200: DE.CM | E200: Operations | F200: Europe | G200: Germany | H200: Medium | I200: Maya Patel | J200: Quarterly | K200: 46206 | L200: 46386 | M200: Not Started | N200: Missing | O200: 1 | P200: Emma Schmidt | Q200: 46182 | R200: Completed | S200: Current | T200: Assigned | U200: Missing | V200: Standard
A201: CTRL-0200 | B201: Incident Control 200 | C201: PROTECT | D201: PR.AA | E201: Human Resources | F201: Europe | G201: United Kingdom | H201: Medium | I201: Emma Schmidt | J201: Semiannual | K201: 46083 | L201: 46263 | M201: Overdue | N201: Complete | O201: 0 | P201: Liam Brown | Q201: 46321 | R201: Not Required | S201: Overdue | T201: Assigned | U201: Complete | V201: Standard
A202: CTRL-0201 | B202: Change Control 201 | C202: RESPOND | D202: RS.MA | E202: Human Resources | F202: Europe | G202: Germany | H202: Low | I202: Maya Patel | J202: Semiannual | K202: 45901 | L202: 46081 | M202: Overdue | N202: Missing | O202: 2 | P202: Sam Rivera | Q202: 46147 | R202: Overdue | S202: Overdue | T202: Assigned | U202: Missing | V202: Standard
... A236: CTRL-0235 | B236: Policy Control 235 | C236: DETECT | D236: DE.CM | E236: Commercial | F236: Europe | G236: Germany | H236: Medium | I236: Jordan Lee | J236: Annual | K236: 46185 | L236: 46550 | M236: Completed | N236: Missing | O236: 3 | P236: Sam Rivera | Q236: 46405 | R236: Completed | S236: Current | T236: Assigned | U236: Missing | V236: Standard
A237: CTRL-0236 | B237: Policy Control 236 | C237: GOVERN | D237: GV.RM | E237: Risk & Compliance | F237: Asia Pacific | G237: Singapore | H237: Low | J237: Annual | K237: 45894 | L237: 45984 | M237: Overdue | N237: Complete | O237: 2 | P237: Noah Williams | Q237: 46278 | R237: Completed | S237: Overdue | T237: Missing Owner | U237: Complete | V237: Standard
A238: CTRL-0237 | B238: Vendor Control 237 | C238: RESPOND | D238: RS.MA | E238: Operations | F238: Europe | G238: United Kingdom | H238: Low | I238: Maya Patel | J238: Annual | K238: 46096 | L238: 46276 | M238: Overdue | N238: Complete | O238: 0 | P238: Emma Schmidt | Q238: 46139 | R238: Not Required | S238: Overdue | T238: Assigned | U238: Complete | V238: Standard
A239: CTRL-0238 | B239: Change Control 238 | C239: IDENTIFY | D239: ID.AM | E239: Risk & Compliance | F239: North America | G239: Canada | H239: High | I239: Noah Williams | J239: Semiannual | K239: 45996 | L239: 46176 | M239: Overdue | N239: Complete | O239: 3 | P239: Maya Patel | Q239: 46410 | R239: In Progress | S239: Overdue | T239: Assigned | U239: Complete | V239: Elevated
A240: CTRL-0239 | B240: Reconciliation Control 239 | C240: GOVERN | D240: GV.RM | E240: Finance | F240: North America | G240: Canada | H240: Medium | I240: Maya Patel | J240: Annual | K240: 46238 | L240: 46418 | M240: Completed | N240: Pending | O240: 1 | P240: Liam Brown | Q240: 46153 | R240: Overdue | S240: Current | T240: Assigned | U240: Pending | V240: Standard
...

Sheet Final_Dashboard
A1: ENTERPRISE DATA GOVERNANCE & COMPLIANCE
A2: Management Control Monitoring Dashboard
A3: Synthetic Portfolio Case Study | Reporting Snapshot: 30 September 2026

Sheet Controls_Raw
A1: Controls Raw
A4: Control_ID | B4: Control_Name | C4: CSF_Function | D4: CSF_Category | E4: Business_Unit | F4: Region | G4: Country | H4: Risk_Level | I4: Control_Owner | J4: Review_Frequency | K4: Last_Review_Date | L4: Next_Review_Date | M4: Status | N4: Evidence_Status | O4: Issue_Count | P4: Remediation_Owner | Q4: Remediation_Due_Date | R4: Remediation_Status
A5: CTRL-0001 | B5: Data Control 1 | C5: GOVERN | D5: GV.RM | E5: Finance | F5: Asia Pacific | G5: Singapore | H5: High | J5: Semiannual | K5: 46150 | L5: 46240 | M5: Overdue | O5: 1 | P5: Alex Chen | Q5: 46167 | R5: Overdue
A6: CTRL-0002 | B6: Policy Control 2 | C6: PROTECT | D6: PR.AA | E6: Technology | F6: North America | G6: United States | H6: Low | I6: Alex Chen | J6: Quarterly | K6: 45988 | L6: 46078 | M6: Overdue | N6: Missing | O6: 3 | P6: Jordan Lee | Q6: 46227 | R6: Overdue
A7: CTRL-0003 | B7: Reconciliation Control 3 | C7: GOVERN | D7: GV.RM | E7: Operations | F7: Asia Pacific | G7: Singapore | H7: Low | I7: Sam Rivera | J7: Semiannual | K7: 45885 | L7: 46065 | M7: Overdue | N7: Complete | O7: 0 | P7: Taylor Morgan | Q7: 46309 | R7: Not Required
A8: CTRL-0004 | B8: Access Control 4 | C8: GOVERN | D8: GV.RM | E8: Human Resources | F8: North America | G8: Canada | H8: Low | I8: Emma Schmidt | J8: Annual | K8: 46235 | L8: 46600 | M8: Completed | N8: Missing | O8: 2 | P8: Sam Rivera | Q8: 46410 | R8: Completed
A9: CTRL-0005 | B9: Incident Control 5 | C9: PROTECT | D9: PR.AA | E9: Technology | F9: Europe | G9: United Kingdom | H9: High | I9: Emma Schmidt | J9: Annual | K9: 46133 | L9: 46313 | M9: Not Started | N9: Complete | O9: 2 | P9: Maya Patel | Q9: 46296 | R9: Completed
A10: CTRL-0006 | B10: Policy Control 6 | C10: DETECT | D10: DE.CM | E10: Human Resources | F10: Asia Pacific | G10: Singapore | H10: High | I10: Jordan Lee | J10: Quarterly | K10: 46039 | L10: 46219 | M10: Overdue | N10: Pending | O10: 5 | P10: Sam Rivera | Q10: 46400 | R10: Completed
A11: CTRL-0007 | B11: Incident Control 7 | C11: RESPOND | D11: RS.MA | E11: Risk & Compliance | F11: North America | G11: Canada | H11: Low | I11: Sam Rivera | J11: Semiannual | K11: 45808 | L11: 46173 | M11: Overdue | N11: Missing | O11: 2 | P11: Jordan Lee | Q11: 46223 | R11: Overdue
A12: CTRL-0008 | B12: Data Control 8 | C12: GOVERN | D12: GV.RR | E12: Technology | F12: Europe | G12: United Kingdom | H12: High | I12: Taylor Morgan | J12: Semiannual | K12: 45893 | L12: 46258 | M12: Overdue | N12: Pending | O12: 4 | P12: Maya Patel | Q12: 46319 | R12: In Progress
A13: CTRL-0009 | B13: Incident Control 9 | C13: GOVERN | D13: GV.OC | E13: Technology | F13: North America | G13: United States | H13: Medium | I13: Emma Schmidt | J13: Annual | K13: 45970 | L13: 46060 | M13: Overdue | N13: Pending | O13: 3 | P13: Maya Patel | Q13: 46354 | R13: In Progress
A14: CTRL-0010 | B14: Data Control 10 | C14: GOVERN | D14: GV.RR | E14: Commercial | F14: Asia Pacific | G14: Singapore | H14: Medium | I14: Taylor Morgan | J14: Quarterly | K14: 46053 | L14: 46143 | M14: Overdue | N14: Pending | O14: 0 | P14: Taylor Morgan | Q14: 46249 | R14: Not Required
A15: CTRL-0011 | B15: Policy Control 11 | C15: DETECT | D15: DE.CM | E15: Technology | F15: Asia Pacific | G15: Singapore | H15: Medium | I15: Jordan Lee | J15: Semiannual | K15: 45999 | L15: 46364 | M15: Not Started | N15: Pending | O15: 0 | P15: Sam Rivera | Q15: 46172 | R15: Not Required
A16: CTRL-0012 | B16: Data Control 12 | C16: RECOVER | D16: RC.RP | E16: Human Resources | F16: North America | G16: United States | H16: Critical | I16: Maya Patel | J16: Quarterly | K16: 45901 | L16: 46081 | M16: Overdue | N16: Complete | O16: 4 | P16: Taylor Morgan | Q16: 46179 | R16: Completed
A17: CTRL-0013 | B17: Access Control 13 | C17: RECOVER | D17: RC.RP | E17: Technology | F17: Asia Pacific | G17: Singapore | H17: Critical | I17: Sam Rivera | J17: Quarterly | K17: 45910 | L17: 46090 | M17: Overdue | N17: Pending | O17: 5 | P17: Sam Rivera | Q17: 46306 | R17: In Progress
... A51: CTRL-0012 | B51: Data Control 47 | C51: PROTECT | D51: PR.AA | E51: Operations | F51: Europe | G51: Germany | H51: Low | I51: Noah Williams | J51: Quarterly | K51: 46182 | L51: 46362 | M51: Completed | N51: Pending | O51: 2 | P51: Sam Rivera | Q51: 46258 | R51: Overdue
A52: CTRL-0013 | B52: Access Control 48 | C52: GOVERN | D52: GV.OC | E52: Commercial | F52: North America | G52: United States | H52: Medium | J52: Semiannual | K52: 45991 | L52: 46081 | M52: Overdue | N52: Missing | O52: 3 | P52: Sam Rivera | Q52: 46366 | R52: In Progress
A53: CTRL-0014 | B53: Reconciliation Control 49 | C53: PROTECT | D53: PR.AA | E53: Operations | F53: Europe | G53: United Kingdom | H53: Medium | I53: Noah Williams | J53: Semiannual | K53: 46033 | L53: 46398 | M53: Completed | N53: Pending | O53: 2 | P53: Sam Rivera | Q53: 46295 | R53: In Progress
A54: CTRL-0015 | B54: Access Control 50 | C54: PROTECT | D54: PR.AA | E54: Operations | F54: North America | G54: United States | H54: Low | I54: Jordan Lee | J54: Quarterly | K54: 46177 | L54: 46267 | M54: Overdue | N54: Missing | O54: 3 | P54: Taylor Morgan | Q54: 46256 | R54: Overdue
A55: CTRL-0016 | B55: Access Control 51 | C55: RECOVER | D55: RC.RP | E55: Technology | F55: North America | G55: Canada | H55: Medium | I55: Jordan Lee | J55: Quarterly | K55: 46135 | L55: 46225 | M55: Overdue | N55: Complete | O55: 2 | P55: Taylor Morgan | Q55: 46179 | R55: Overdue
A56: CTRL-0017 | B56: Change Control 52 | C56: GOVERN | D56: GV.OC | E56: Risk & Compliance | F56: Europe | G56: Germany | H56: Medium | I56: Alex Chen | J56: Quarterly | K56: 46146 | L56: 46326 | M56: Completed | N56: Complete | O56: 3 | P56: Taylor Morgan | Q56: 46366 | R56: Completed
A57: CTRL-0018 | B57: Policy Control 53 | C57: PROTECT | D57: PR.AA | E57: Finance | F57: North America | G57: United States | H57: Medium | I57: Emma Schmidt | J57: Annual | K57: 45965 | L57: 46330 | M57: In Progress | N57: Missing | O57: 3 | P57: Emma Schmidt | Q57: 46345 | R57: In Progress
A58: CTRL-0019 | B58: Change Control 54 | C58: GOVERN | D58: GV.RR | E58: Human Resources | F58: Europe | G58: UK | H58: Critical | I58: Maya Patel | J58: Quarterly | K58: 45885 | L58: 45975 | M58: Overdue | N58: Missing | O58: 1 | P58: Maya Patel | Q58: 46250 | R58: Overdue
A59: CTRL-0020 | B59: Access Control 55 | C59: RECOVER | D59: RC.RP | E59: Risk & Compliance | F59: North America | G59: United States | H59: Medium | I59: Liam Brown | J59: Annual | K59: 46126 | L59: 46216 | M59: Overdue | N59: Complete | O59: 2 | P59: Sam Rivera | Q59: 46259 | R59: Overdue
A60: CTRL-0056 | B60: Data Control 56 | C60: PROTECT | D60: PR.AA | E60: Risk & Compliance | F60: Europe | G60: United Kingdom | H60: Low | I60: Sam Rivera | J60: Annual | K60: 45944 | L60: 46034 | M60: Overdue | N60: Pending | O60: 1 | P60: Taylor Morgan | Q60: 46151 | R60: Completed
A61: CTRL-0057 | B61: Incident Control 57 | C61: RESPOND | D61: RS.MA | E61: Risk & Compliance | F61: Europe | G61: United Kingdom | H61: Medium | I61: Emma Schmidt | J61: Semiannual | K61: 46136 | L61: 46501 | M61: Completed | N61: Pending | O61: 0 | P61: Taylor Morgan | Q61: 46135 | R61: Not Required
A62: CTRL-0058 | B62: Vendor Control 58 | C62: GOVERN | D62: GV.RR | E62: Technology | F62: North America | G62: United States | H62: Critical | I62: Alex Chen | J62: Annual | K62: 45884 | L62: 46249 | M62: Overdue | N62: Pending | O62: 4 | P62: Liam Brown | Q62: 46135 | R62: Overdue
A63: CTRL-0059 | B63: Vendor Control 59 | C63: DETECT | D63: DE.CM | E63: Human Resources | F63: Europe | G63: United Kingdom | H63: Medium | I63: Liam Brown | J63: Annual | K63: 46229 | L63: 46409 | M63: Completed | N63: Pending | O63: 2 | P63: Liam Brown | Q63: 46168 | R63: Overdue
A64: CTRL-0060 | B64: Incident Control 60 | C64: GOVERN | D64: GV.OC | E64: Human Resources | F64: Europe | G64: Germany | H64: Low | I64: Maya Patel | J64: Annual | K64: 46114 | L64: 46294 | M64: Overdue | N64: Pending | O64: 0 | P64: Liam Brown | Q64: 46321 | R64: Not Required
... A87: CTRL-0083 | B87: Change Control 83 | C87: GOVERN | D87: GV.OC | E87: Technology | F87: Asia Pacific | G87: Singapore | H87: Low | I87: Alex Chen | J87: Annual | K87: 46208 | L87: 46298 | M87: Completed | N87: Complete | O87: 2 | P87: Emma Schmidt | Q87: 46123 | R87: Completed
A88: CTRL-0084 | B88: Data Control 84 | C88: IDENTIFY | D88: ID.AM | E88: Commercial | F88: Asia Pacific | G88: Singapore | H88: Low | I88: Liam Brown | J88: Quarterly | K88: 45877 | L88: 46057 | M88: Overdue | O88: 0 | P88: Taylor Morgan | Q88: 46346 | R88: Not Required
A89: CTRL-0085 | B89: Data Control 85 | C89: DETECT | D89: DE.CM | E89: Finance | F89: Europe | G89: United Kingdom | H89: Critical | I89: Emma Schmidt | J89: Quarterly | K89: 46057 | L89: 46422 | M89: Completed | N89: Missing | O89: 3 | P89: Maya Patel | Q89: 46152 | R89: Overdue
A90: CTRL-0086 | B90: Policy Control 86 | C90: GOVERN | D90: GV.RM | E90: Human Resources | F90: North America | G90: Canada | H90: Medium | I90: Noah Williams | J90: Annual | K90: 46080 | L90: 46445 | M90: Completed | N90: Pending | O90: 3 | P90: Sam Rivera | Q90: 46165 | R90: Overdue
A91: CTRL-0087 | B91: Reconciliation Control 87 | C91: RESPOND | D91: RS.MA | E91: Technology | F91: Europe | G91: Germany | H91: Medium | I91: Liam Brown | J91: Annual | K91: 46071 | L91: 46251 | M91: Overdue | N91: Missing | O91: 0 | P91: Taylor Morgan | Q91: 46275 | R91: Not Required
A92: CTRL-0088 | B92: Data Control 88 | C92: GOVERN | D92: GV.OC | E92: Commercial | F92: Europe | G92: United Kingdom | H92: Critical | I92: Maya Patel | J92: Annual | K92: 46229 | L92: 46319 | M92: Completed | N92: Complete | O92: 5 | P92: Noah Williams | Q92: 46305 | R92: In Progress
A93: CTRL-0089 | B93: Change Control 89 | C93: IDENTIFY | D93: ID.AM | E93: Risk & Compliance | F93: Asia Pacific | G93: Singapore | H93: Medium | I93: Emma Schmidt | J93: Annual | K93: 45831 | L93: 46196 | M93: Overdue | N93: Complete | O93: 2 | P93: Liam Brown | Q93: 46274 | R93: Overdue
A94: CTRL-0090 | B94: Access Control 90 | C94: PROTECT | D94: PR.AA | E94: Operations | F94: North America | G94: United States | H94: High | I94: Noah Williams | J94: Quarterly | K94: 46217 | L94: 46397 | M94: Not Started | N94: Missing | O94: 4 | P94: Taylor Morgan | Q94: 46400 | R94: Completed
A95: CTRL-0091 | B95: Access Control 91 | C95: GOVERN | D95: GV.OC | E95: Operations | F95: Asia Pacific | G95: Singapore | H95: Medium | I95: Jordan Lee | J95: Annual | K95: 45830 | L95: 45920 | M95: Overdue | N95: Missing | O95: 3 | P95: Sam Rivera | Q95: 46150 | R95: Completed
A96: CTRL-0092 | B96: Change Control 92 | C96: GOVERN | D96: GV.RR | E96: Risk & Compliance | F96: Europe | G96: Germany | H96: Medium | I96: Noah Williams | J96: Annual | K96: 46116 | L96: 46481 | M96: Completed | N96: Missing | O96: 0 | P96: Alex Chen | Q96: 46141 | R96: Not Required
A97: CTRL-0093 | B97: Access Control 93 | C97: RESPOND | D97: RS.MA | E97: Operations | F97: Asia Pacific | G97: Singapore | H97: Medium | I97: Emma Schmidt | J97: Semiannual | K97: 46027 | L97: 46392 | M97: Completed | N97: Pending | O97: 1 | P97: Liam Brown | Q97: 46377 | R97: Completed
A98: CTRL-0094 | B98: Access Control 94 | C98: GOVERN | D98: GV.RM | E98: Finance | F98: Asia Pacific | G98: Singapore | H98: Low | I98: Alex Chen | J98: Semiannual | K98: 46272 | L98: 46362 | M98: Completed | N98: Complete | O98: 1 | P98: Emma Schmidt | Q98: 46245 | R98: Completed
A99: CTRL-0095 | B99: Access Control 95 | C99: RECOVER | D99: RC.RP | E99: Risk & Compliance | F99: North America | G99: United States | H99: Medium | J99: Semiannual | K99: 46158 | L99: 46523 | M99: Not Started | N99: Complete | O99: 3 | P99: Emma Schmidt | Q99: 46136 | R99: Overdue
A100: CTRL-0096 | B100: Access Control 96 | C100: DETECT | D100: DE.CM | E100: Commercial | F100: Asia Pacific | G100: Singapore | H100: Medium | I100: Taylor Morgan | J100: Semiannual | K100: 46217 | L100: 46397 | M100: Completed | N100: Pending | O100: 1 | P100: Maya Patel | Q100: 46350 | R100: In Progress
A101: CTRL-0097 | B101: Access Control 97 | C101: GOVERN | D101: GV.RR | E101: Human Resources | F101: North America | G101: Canada | H101: Medium | I101: Maya Patel | J101: Annual | K101: 46073 | L101: 46253 | M101: Overdue | N101: Missing | O101: 2 | P101: Maya Patel | Q101: 46228 | R101: Completed
A102: CTRL-0098 | B102: Policy Control 98 | C102: GOVERN | D102: GV.RR | E102: Operations | F102: Asia Pacific | G102: Singapore | H102: Medium | I102: Jordan Lee | J102: Annual | K102: 46155 | L102: 46245 | M102: Overdue | N102: Complete | O102: 2 | P102: Maya Patel | Q102: 46216 | R102: Completed
A103: CTRL-0099 | B103: Change Control 99 | C103: DETECT | D103: DE.CM | E103: Risk & Compliance | F103: North America | G103: Canada | H103: High | I103: Liam Brown | J103: Semiannual | K103: 45927 | L103: 46292 | M103: Overdue | N103: Missing | O103: 5 | P103: Maya Patel | Q103: 46280 | R103: Overdue
A104: CTRL-0100 | B104: Vendor Control 100 | C104: RECOVER | D104: RC.RP | E104: Commercial | F104: Europe | G104: Germany | H104: Medium | I104: Taylor Morgan | J104: Quarterly | K104: 45973 | L104: 46063 | M104: Overdue | N104: Pending | O104: 0 | P104: Alex Chen | Q104: 46273 | R104: Not Required
A105: CTRL-0101 | B105: Reconciliation Control 101 | C105: IDENTIFY | D105: ID.AM | E105: Finance | F105: Europe | G105: Germany | H105: Medium | I105: Maya Patel | J105: Annual | K105: 45961 | L105: 46326 | M105: Completed | N105: Pending | O105: 0 | P105: Liam Brown | Q105: 46345 | R105: Not Required
A106: CTRL-0102 | B106: Vendor Control 102 | C106: RECOVER | D106: RC.RP | E106: Finance | F106: Asia Pacific | G106: Singapore | H106: Medium | I106: Noah Williams | J106: Annual | K106: 45910 | L106: 46000 | M106: Overdue | N106: Missing | O106: 1 | P106: Jordan Lee | Q106: 46135 | R106: Completed
A107: CTRL-0103 | B107: Reconciliation Control 103 | C107: RESPOND | D107: RS.MA | E107: Operations | F107: Europe | G107: Germany | H107: Medium | I107: Noah Williams | J107: Semiannual | K107: 45928 | L107: 46293 | M107: Overdue | N107: Complete | O107: 2 | P107: Jordan Lee | Q107: 46148 | R107: Completed
A108: CTRL-0104 | B108: Incident Control 104 | C108: RESPOND | D108: RS.MA | E108: Human Resources | F108: Europe | G108: United Kingdom | H108: Medium | I108: Noah Williams | J108: Semiannual | K108: 46117 | L108: 46482 | M108: Not Started | N108: Complete | O108: 0 | P108: Jordan Lee | Q108: 46273 | R108: Not Required
A109: CTRL-0105 | B109: Change Control 105 | C109: GOVERN | D109: GV.RR | E109: Commercial | F109: Asia Pacific | G109: Singapore | H109: Medium | I109: Noah Williams | J109: Quarterly | K109: 46266 | L109: 46446 | M109: Completed | N109: Complete | O109: 2 | P109: Taylor Morgan | Q109: 46363 | R109: Completed
A110: CTRL-0106 | B110: Incident Control 106 | C110: GOVERN | D110: GV.RR | E110: Commercial | F110: North America | G110: United States | H110: Medium | I110: Jordan Lee | J110: Semiannual | K110: 45970 | L110: 46150 | M110: Overdue | N110: Complete | O110: 1 | P110: Alex Chen | Q110: 46207 | R110: Overdue
A111: CTRL-0107 | B111: Policy Control 107 | C111: PROTECT | D111: PR.AA | E111: Commercial | F111: Europe | G111: Germany | H111: High | I111: Liam Brown | J111: Semiannual | K111: 45963 | L111: 46143 | M111: Overdue | N111: Missing | O111: 3 | P111: Sam Rivera | Q111: 46234 | R111: Overdue
... A145: CTRL-0141 | B145: Data Control 141 | C145: RECOVER | D145: RC.RP | E145: Human Resources | F145: Asia Pacific | G145: Singapore | H145: Low | I145: Noah Williams | J145: Semiannual | K145: 45936 | L145: 46116 | M145: Overdue | N145: Missing | O145: 3 | P145: Noah Williams | Q145: 46275 | R145: Overdue
A146: CTRL-0142 | B146: Reconciliation Control 142 | C146: RECOVER | D146: RC.RP | E146: Human Resources | F146: Asia Pacific | G146: Singapore | H146: Medium | J146: Semiannual | K146: 46149 | L146: 46329 | M146: In Progress | N146: Pending | O146: 2 | P146: Noah Williams | Q146: 46221 | R146: Overdue
A147: CTRL-0143 | B147: Reconciliation Control 143 | C147: GOVERN | D147: GV.RM | E147: Operations | F147: Asia Pacific | G147: Singapore | H147: Low | I147: Emma Schmidt | J147: Semiannual | K147: 45817 | L147: 45997 | M147: Overdue | N147: Pending | O147: 1 | P147: Taylor Morgan | Q147: 46263 | R147: Completed
A148: CTRL-0144 | B148: Change Control 144 | C148: IDENTIFY | D148: ID.AM | E148: Technology | F148: Asia Pacific | G148: Singapore | H148: Low | I148: Taylor Morgan | J148: Quarterly | K148: 45798 | L148: 46163 | M148: Overdue | N148: Missing | O148: 2 | P148: Sam Rivera | Q148: 46185 | R148: Completed
A149: CTRL-0145 | B149: Vendor Control 145 | C149: GOVERN | D149: GV.RR | E149: Finance | F149: Asia Pacific | G149: Singapore | H149: Low | I149: Noah Williams | J149: Annual | K149: 45908 | L149: 46088 | M149: Overdue | N149: Complete | O149: 1 | P149: Liam Brown | Q149: 46117 | R149: Overdue
A150: CTRL-0146 | B150: Change Control 146 | C150: GOVERN | D150: GV.OC | E150: Operations | F150: Europe | G150: United Kingdom | H150: Medium | I150: Alex Chen | J150: Semiannual | K150: 45811 | L150: 45901 | M150: Overdue | N150: Missing | O150: 1 | P150: Jordan Lee | Q150: 46388 | R150: In Progress
A151: CTRL-0147 | B151: Reconciliation Control 147 | C151: DETECT | D151: DE.CM | E151: Risk & Compliance | F151: North America | G151: Canada | H151: Low | I151: Taylor Morgan | J151: Semiannual | K151: 45827 | L151: 45917 | M151: Overdue | N151: Complete | O151: 2 | P151: Liam Brown | Q151: 46405 | R151: In Progress
A152: CTRL-0148 | B152: Incident Control 148 | C152: GOVERN | D152: GV.OC | E152: Operations | F152: North America | G152: Canada | H152: Low | I152: Maya Patel | J152: Semiannual | K152: 46106 | L152: 46196 | M152: Overdue | N152: Missing | O152: 3 | P152: Taylor Morgan | Q152: 46246 | R152: Overdue
A153: CTRL-0149 | B153: Change Control 149 | C153: GOVERN | D153: GV.RM | E153: Technology | F153: Asia Pacific | G153: Singapore | H153: Medium | I153: Emma Schmidt | J153: Quarterly | K153: 45852 | L153: 46032 | M153: Overdue | N153: Missing | O153: 2 | P153: Liam Brown | Q153: 46159 | R153: Overdue
A154: CTRL-0150 | B154: Reconciliation Control 150 | C154: GOVERN | D154: GV.OC | E154: Finance | F154: Europe | G154: United Kingdom | H154: Low | I154: Sam Rivera | J154: Annual | K154: 46047 | L154: 46227 | M154: Overdue | N154: Pending | O154: 2 | P154: Noah Williams | Q154: 46413 | R154: In Progress
A155: CTRL-0151 | B155: Reconciliation Control 151 | C155: PROTECT | D155: PR.AA | E155: Finance | F155: Asia Pacific | G155: Singapore | H155: Medium | I155: Liam Brown | J155: Annual | K155: 46118 | L155: 46208 | M155: Overdue | N155: Pending | O155: 2 | P155: Sam Rivera | Q155: 46175 | R155: Overdue
A156: CTRL-0152 | B156: Data Control 152 | C156: GOVERN | D156: GV.RM | E156: Risk & Compliance | F156: North America | G156: United States | H156: Low | I156: Noah Williams | J156: Semiannual | K156: 46063 | L156: 46428 | M156: Completed | N156: Pending | O156: 1 | P156: Noah Williams | Q156: 46241 | R156: Overdue
A157: CTRL-0153 | B157: Incident Control 153 | C157: IDENTIFY | D157: ID.AM | E157: Finance | F157: North America | G157: United States | H157: High | I157: Sam Rivera | J157: Annual | K157: 45982 | L157: 46347 | M157: Completed | N157: Pending | O157: 4 | P157: Liam Brown | Q157: 46341 | R157: Completed
A158: CTRL-0154 | B158: Incident Control 154 | C158: GOVERN | D158: GV.OC | E158: Finance | F158: North America | G158: Canada | H158: Medium | I158: Emma Schmidt | J158: Quarterly | K158: 46042 | L158: 46407 | M158: Completed | N158: Pending | O158: 2 | P158: Maya Patel | Q158: 46126 | R158: Overdue
... A170: CTRL-0166 | B170: Reconciliation Control 166 | C170: RESPOND | D170: RS.MA | E170: Operations | F170: Europe | G170: United Kingdom | H170: Medium | I170: Alex Chen | J170: Quarterly | K170: 45987 | L170: 46077 | M170: Overdue | N170: Missing | O170: 1 | P170: Sam Rivera | Q170: 46123 | R170: Completed
A171: CTRL-0167 | B171: Vendor Control 167 | C171: RECOVER | D171: RC.RP | E171: Risk & Compliance | F171: Europe | G171: United Kingdom | H171: Medium | I171: Sam Rivera | J171: Quarterly | K171: 46020 | L171: 46385 | M171: Not Started | O171: 2 | P171: Noah Williams | Q171: 46365 | R171: In Progress
A172: CTRL-0168 | B172: Policy Control 168 | C172: GOVERN | D172: GV.OC | E172: Commercial | F172: North America | G172: United States | H172: Medium | I172: Jordan Lee | J172: Quarterly | K172: 45806 | L172: 46171 | M172: Overdue | N172: Missing | O172: 0 | P172: Alex Chen | Q172: 46383 | R172: Not Required
A173: CTRL-0169 | B173: Incident Control 169 | C173: RECOVER | D173: RC.RP | E173: Technology | F173: North America | G173: Canada | H173: High | I173: Sam Rivera | J173: Semiannual | K173: 46241 | L173: 46606 | M173: Completed | N173: Complete | O173: 4 | P173: Alex Chen | Q173: 46348 | R173: In Progress
A174: CTRL-0170 | B174: Data Control 170 | C174: GOVERN | D174: GV.RM | E174: Finance | F174: North America | G174: Canada | H174: Low | I174: Taylor Morgan | J174: Quarterly | K174: 46001 | L174: 46181 | M174: Overdue | N174: Complete | O174: 3 | P174: Sam Rivera | Q174: 46206 | R174: Completed
A175: CTRL-0171 | B175: Incident Control 171 | C175: GOVERN | D175: GV.RM | E175: Operations | F175: North America | G175: Canada | H175: Low | I175: Emma Schmidt | J175: Annual | K175: 46235 | L175: 46415 | M175: Not Started | N175: Missing | O175: 1 | P175: Alex Chen | Q175: 46230 | R175: Completed
A176: CTRL-0172 | B176: Incident Control 172 | C176: RESPOND | D176: RS.MA | E176: Risk & Compliance | F176: North America | G176: Canada | H176: Medium | I176: Liam Brown | J176: Semiannual | K176: 46247 | L176: 46612 | M176: Completed | N176: Complete | O176: 0 | P176: Maya Patel | Q176: 46370 | R176: Not Required
A177: CTRL-0173 | B177: Change Control 173 | C177: GOVERN | D177: GV.OC | E177: Technology | F177: Asia Pacific | G177: Singapore | H177: Low | I177: Liam Brown | J177: Semiannual | K177: 46137 | L177: 46227 | M177: Overdue | N177: Complete | O177: 2 | P177: Alex Chen | Q177: 46393 | R177: In Progress
A178: CTRL-0174 | B178: Incident Control 174 | C178: RESPOND | D178: RS.MA | E178: Commercial | F178: North America | G178: United States | H178: High | I178: Maya Patel | J178: Annual | K178: 46122 | L178: 46212 | M178: Overdue | N178: Missing | O178: 1 | P178: Noah Williams | Q178: 46405 | R178: In Progress
A179: CTRL-0175 | B179: Access Control 175 | C179: DETECT | D179: DE.CM | E179: Commercial | F179: Europe | G179: United Kingdom | H179: High | I179: Noah Williams | J179: Annual | K179: 46248 | L179: 46338 | M179: Completed | N179: Complete | O179: 2 | P179: Taylor Morgan | Q179: 46318 | R179: In Progress
A180: CTRL-0176 | B180: Policy Control 176 | C180: PROTECT | D180: PR.AA | E180: Technology | F180: Europe | G180: Germany | H180: Medium | I180: Emma Schmidt | J180: Quarterly | K180: 46054 | L180: 46144 | M180: Overdue | N180: Missing | O180: 3 | P180: Maya Patel | Q180: 46158 | R180: Overdue
A181: CTRL-0177 | B181: Vendor Control 177 | C181: PROTECT | D181: PR.AA | E181: Technology | F181: North America | G181: Canada | H181: Medium | I181: Jordan Lee | J181: Semiannual | K181: 45897 | L181: 46077 | M181: Overdue | N181: Pending | O181: 2 | P181: Taylor Morgan | Q181: 46169 | R181: Completed
A182: CTRL-0178 | B182: Data Control 178 | C182: DETECT | D182: DE.CM | E182: Finance | F182: North America | G182: United States | H182: Low | I182: Liam Brown | J182: Quarterly | K182: 45990 | L182: 46355 | M182: Completed | N182: Complete | O182: 0 | P182: Noah Williams | Q182: 46160 | R182: Not Required
A183: CTRL-0179 | B183: Reconciliation Control 179 | C183: PROTECT | D183: PR.AA | E183: Operations | F183: Europe | G183: United Kingdom | H183: Medium | I183: Maya Patel | J183: Semiannual | K183: 45904 | L183: 46269 | M183: Overdue | N183: Complete | O183: 1 | P183: Liam Brown | Q183: 46309 | R183: Completed
... A192: CTRL-0188 | B192: Incident Control 188 | C192: GOVERN | D192: GV.RM | E192: Operations | F192: Asia Pacific | G192: Singapore | H192: Low | I192: Alex Chen | J192: Quarterly | K192: 45861 | L192: 46226 | M192: Overdue | N192: Complete | O192: 0 | P192: Sam Rivera | Q192: 46290 | R192: Not Required
A193: CTRL-0189 | B193: Incident Control 189 | C193: GOVERN | D193: GV.RR | E193: Human Resources | F193: Asia Pacific | G193: Singapore | H193: Low | J193: Annual | K193: 45989 | L193: 46169 | M193: Overdue | N193: Pending | O193: 1 | P193: Emma Schmidt | Q193: 46322 | R193: In Progress
A194: CTRL-0190 | B194: Data Control 190 | C194: GOVERN | D194: GV.RM | E194: Commercial | F194: Europe | G194: United Kingdom | H194: Medium | I194: Sam Rivera | J194: Quarterly | K194: 46045 | L194: 46410 | M194: Completed | N194: Complete | O194: 1 | P194: Jordan Lee | Q194: 46220 | R194: Completed
A195: CTRL-0191 | B195: Reconciliation Control 191 | C195: GOVERN | D195: GV.RM | E195: Technology | F195: Europe | G195: Germany | H195: Medium | I195: Taylor Morgan | J195: Semiannual | K195: 45932 | L195: 46112 | M195: Overdue | N195: Missing | O195: 2 | P195: Liam Brown | Q195: 46313 | R195: In Progress
A196: CTRL-0192 | B196: Access Control 192 | C196: DETECT | D196: DE.CM | E196: Commercial | F196: Asia Pacific | G196: Singapore | H196: High | I196: Taylor Morgan | J196: Quarterly | K196: 45805 | L196: 46170 | M196: Overdue | N196: Missing | O196: 0 | P196: Taylor Morgan | Q196: 46183 | R196: Not Required
A197: CTRL-0193 | B197: Data Control 193 | C197: GOVERN | D197: GV.RR | E197: Operations | F197: North America | G197: United States | H197: Medium | I197: Emma Schmidt | J197: Quarterly | K197: 46061 | L197: 46426 | M197: Completed | N197: Pending | O197: 3 | P197: Liam Brown | Q197: 46210 | R197: Overdue
A198: CTRL-0194 | B198: Change Control 194 | C198: GOVERN | D198: GV.RR | E198: Technology | F198: Europe | G198: United Kingdom | H198: Medium | I198: Liam Brown | J198: Semiannual | K198: 45958 | L198: 46048 | M198: Overdue | N198: Pending | O198: 0 | P198: Liam Brown | Q198: 46363 | R198: Not Required
A199: CTRL-0195 | B199: Reconciliation Control 195 | C199: IDENTIFY | D199: ID.AM | E199: Risk & Compliance | F199: Europe | G199: Germany | H199: High | I199: Liam Brown | J199: Quarterly | K199: 46025 | L199: 46115 | M199: Overdue | N199: Complete | O199: 4 | P199: Taylor Morgan | Q199: 46130 | R199: Overdue
A200: CTRL-0196 | B200: Data Control 196 | C200: DETECT | D200: DE.CM | E200: Technology | F200: North America | G200: Canada | H200: High | I200: Liam Brown | J200: Quarterly | K200: 45994 | L200: 46359 | M200: Completed | N200: Complete | O200: 2 | P200: Liam Brown | Q200: 46393 | R200: In Progress
A201: CTRL-0197 | B201: Vendor Control 197 | C201: GOVERN | D201: GV.RM | E201: Risk & Compliance | F201: Asia Pacific | G201: Singapore | H201: Low | I201: Sam Rivera | J201: Quarterly | K201: 46123 | L201: 46213 | M201: Overdue | N201: Pending | O201: 2 | P201: Sam Rivera | Q201: 46293 | R201: Overdue
A202: CTRL-0198 | B202: Data Control 198 | C202: PROTECT | D202: PR.AA | E202: Commercial | F202: North America | G202: Canada | H202: Medium | I202: Emma Schmidt | J202: Annual | K202: 46191 | L202: 46556 | M202: Completed | N202: Complete | O202: 1 | P202: Jordan Lee | Q202: 46145 | R202: Overdue
A203: CTRL-0199 | B203: Policy Control 199 | C203: DETECT | D203: DE.CM | E203: Operations | F203: Europe | G203: Germany | H203: Medium | I203: Maya Patel | J203: Quarterly | K203: 46206 | L203: 46386 | M203: Not Started | N203: Missing | O203: 1 | P203: Emma Schmidt | Q203: 46182 | R203: Completed
A204: CTRL-0200 | B204: Incident Control 200 | C204: PROTECT | D204: PR.AA | E204: Human Resources | F204: Europe | G204: United Kingdom | H204: Medium | I204: Emma Schmidt | J204: Semiannual | K204: 46083 | L204: 46263 | M204: Overdue | N204: Complete | O204: 0 | P204: Liam Brown | Q204: 46321 | R204: Not Required
A205: CTRL-0201 | B205: Change Control 201 | C205: RESPOND | D205: RS.MA | E205: Human Resources | F205: Europe | G205: Germany | H205: Low | I205: Maya Patel | J205: Semiannual | K205: 45901 | L205: 46081 | M205: Overdue | N205: Missing | O205: 2 | P205: Sam Rivera | Q205: 46147 | R205: Overdue
... A239: CTRL-0235 | B239: Policy Control 235 | C239: DETECT | D239: DE.CM | E239: Commercial | F239: Europe | G239: Germany | H239: Medium | I239: Jordan Lee | J239: Annual | K239: 46185 | L239: 46550 | M239: Completed | N239: Missing | O239: 3 | P239: Sam Rivera | Q239: 46405 | R239: Completed
A240: CTRL-0236 | B240: Policy Control 236 | C240: GOVERN | D240: GV.RM | E240: Risk & Compliance | F240: Asia Pacific | G240: Singapore | H240: Low | J240: Annual | K240: 45894 | L240: 45984 | M240: Overdue | N240: Complete | O240: 2 | P240: Noah Williams | Q240: 46278 | R240: Completed
A241: CTRL-0237 | B241: Vendor Control 237 | C241: RESPOND | D241: RS.MA | E241: Operations | F241: Europe | G241: United Kingdom | H241: Low | I241: Maya Patel | J241: Annual | K241: 46096 | L241: 46276 | M241: Overdue | N241: Complete | O241: 0 | P241: Emma Schmidt | Q241: 46139 | R241: Not Required
A242: CTRL-0238 | B242: Change Control 238 | C242: IDENTIFY | D242: ID.AM | E242: Risk & Compliance | F242: North America | G242: Canada | H242: High | I242: Noah Williams | J242: Semiannual | K242: 45996 | L242: 46176 | M242: Overdue | N242: Complete | O242: 3 | P242: Maya Patel | Q242: 46410 | R242: In Progress
...

Sheet Cleaned_Controls
A1: Cleaned Controls
A4: Control_ID | B4: Control_Name | C4: CSF_Function | D4: CSF_Category | E4: Business_Unit | F4: Region | G4: Country | H4: Risk_Level | I4: Control_Owner | J4: Review_Frequency | K4: Last_Review_Date | L4: Next_Review_Date | M4: Status | N4: Evidence_Status | O4: Issue_Count | P4: Remediation_Owner | Q4: Remediation_Due_Date | R4: Remediation_Status
A5: CTRL-0001 | B5: Data Control 1 | C5: GOVERN | D5: GV.RM | E5: Finance | F5: Asia Pacific | G5: Singapore | H5: High | J5: Semiannual | K5: 46150 | L5: 46240 | M5: Overdue | O5: 1 | P5: Alex Chen | Q5: 46167 | R5: Overdue
A6: CTRL-0002 | B6: Policy Control 2 | C6: PROTECT | D6: PR.AA | E6: Technology | F6: North America | G6: United States | H6: Low | I6: Alex Chen | J6: Quarterly | K6: 45988 | L6: 46078 | M6: Overdue | N6: Missing | O6: 3 | P6: Jordan Lee | Q6: 46227 | R6: Overdue
A7: CTRL-0003 | B7: Reconciliation Control 3 | C7: GOVERN | D7: GV.RM | E7: Operations | F7: Asia Pacific | G7: Singapore | H7: Low | I7: Sam Rivera | J7: Semiannual | K7: 45885 | L7: 46065 | M7: Overdue | N7: Complete | O7: 0 | P7: Taylor Morgan | Q7: 46309 | R7: Not Required
A8: CTRL-0004 | B8: Access Control 4 | C8: GOVERN | D8: GV.RM | E8: Human Resources | F8: North America | G8: Canada | H8: Low | I8: Emma Schmidt | J8: Annual | K8: 46235 | L8: 46600 | M8: Completed | N8: Missing | O8: 2 | P8: Sam Rivera | Q8: 46410 | R8: Completed
A9: CTRL-0005 | B9: Incident Control 5 | C9: PROTECT | D9: PR.AA | E9: Technology | F9: Europe | G9: United Kingdom | H9: High | I9: Emma Schmidt | J9: Annual | K9: 46133 | L9: 46313 | M9: Not Started | N9: Complete | O9: 2 | P9: Maya Patel | Q9: 46296 | R9: Completed
A10: CTRL-0006 | B10: Policy Control 6 | C10: DETECT | D10: DE.CM | E10: Human Resources | F10: Asia Pacific | G10: Singapore | H10: High | I10: Jordan Lee | J10: Quarterly | K10: 46039 | L10: 46219 | M10: Overdue | N10: Pending | O10: 5 | P10: Sam Rivera | Q10: 46400 | R10: Completed
A11: CTRL-0007 | B11: Incident Control 7 | C11: RESPOND | D11: RS.MA | E11: Risk & Compliance | F11: North America | G11: Canada | H11: Low | I11: Sam Rivera | J11: Semiannual | K11: 45808 | L11: 46173 | M11: Overdue | N11: Missing | O11: 2 | P11: Jordan Lee | Q11: 46223 | R11: Overdue
A12: CTRL-0008 | B12: Data Control 8 | C12: GOVERN | D12: GV.RR | E12: Technology | F12: Europe | G12: United Kingdom | H12: High | I12: Taylor Morgan | J12: Semiannual | K12: 45893 | L12: 46258 | M12: Overdue | N12: Pending | O12: 4 | P12: Maya Patel | Q12: 46319 | R12: In Progress
A13: CTRL-0009 | B13: Incident Control 9 | C13: GOVERN | D13: GV.OC | E13: Technology | F13: North America | G13: United States | H13: Medium | I13: Emma Schmidt | J13: Annual | K13: 45970 | L13: 46060 | M13: Overdue | N13: Pending | O13: 3 | P13: Maya Patel | Q13: 46354 | R13: In Progress
A14: CTRL-0010 | B14: Data Control 10 | C14: GOVERN | D14: GV.RR | E14: Commercial | F14: Asia Pacific | G14: Singapore | H14: Medium | I14: Taylor Morgan | J14: Quarterly | K14: 46053 | L14: 46143 | M14: Overdue | N14: Pending | O14: 0 | P14: Taylor Morgan | Q14: 46249 | R14: Not Required
A15: CTRL-0011 | B15: Policy Control 11 | C15: DETECT | D15: DE.CM | E15: Technology | F15: Asia Pacific | G15: Singapore | H15: Medium | I15: Jordan Lee | J15: Semiannual | K15: 45999 | L15: 46364 | M15: Not Started | N15: Pending | O15: 0 | P15: Sam Rivera | Q15: 46172 | R15: Not Required
A16: CTRL-0012 | B16: Data Control 12 | C16: RECOVER | D16: RC.RP | E16: Human Resources | F16: North America | G16: United States | H16: Critical | I16: Maya Patel | J16: Quarterly | K16: 45901 | L16: 46081 | M16: Overdue | N16: Complete | O16: 4 | P16: Taylor Morgan | Q16: 46179 | R16: Completed
A17: CTRL-0013 | B17: Access Control 13 | C17: RECOVER | D17: RC.RP | E17: Technology | F17: Asia Pacific | G17: Singapore | H17: Critical | I17: Sam Rivera | J17: Quarterly | K17: 45910 | L17: 46090 | M17: Overdue | N17: Pending | O17: 5 | P17: Sam Rivera | Q17: 46306 | R17: In Progress
... A51: CTRL-0012 | B51: Data Control 47 | C51: PROTECT | D51: PR.AA | E51: Operations | F51: Europe | G51: Germany | H51: Low | I51: Noah Williams | J51: Quarterly | K51: 46182 | L51: 46362 | M51: Completed | N51: Pending | O51: 2 | P51: Sam Rivera | Q51: 46258 | R51: Overdue
A52: CTRL-0013 | B52: Access Control 48 | C52: GOVERN | D52: GV.OC | E52: Commercial | F52: North America | G52: United States | H52: Medium | J52: Semiannual | K52: 45991 | L52: 46081 | M52: Overdue | N52: Missing | O52: 3 | P52: Sam Rivera | Q52: 46366 | R52: In Progress
A53: CTRL-0014 | B53: Reconciliation Control 49 | C53: PROTECT | D53: PR.AA | E53: Operations | F53: Europe | G53: United Kingdom | H53: Medium | I53: Noah Williams | J53: Semiannual | K53: 46033 | L53: 46398 | M53: Completed | N53: Pending | O53: 2 | P53: Sam Rivera | Q53: 46295 | R53: In Progress
A54: CTRL-0015 | B54: Access Control 50 | C54: PROTECT | D54: PR.AA | E54: Operations | F54: North America | G54: United States | H54: Low | I54: Jordan Lee | J54: Quarterly | K54: 46177 | L54: 46267 | M54: Overdue | N54: Missing | O54: 3 | P54: Taylor Morgan | Q54: 46256 | R54: Overdue
A55: CTRL-0016 | B55: Access Control 51 | C55: RECOVER | D55: RC.RP | E55: Technology | F55: North America | G55: Canada | H55: Medium | I55: Jordan Lee | J55: Quarterly | K55: 46135 | L55: 46225 | M55: Overdue | N55: Complete | O55: 2 | P55: Taylor Morgan | Q55: 46179 | R55: Overdue
A56: CTRL-0017 | B56: Change Control 52 | C56: GOVERN | D56: GV.OC | E56: Risk & Compliance | F56: Europe | G56: Germany | H56: Medium | I56: Alex Chen | J56: Quarterly | K56: 46146 | L56: 46326 | M56: Completed | N56: Complete | O56: 3 | P56: Taylor Morgan | Q56: 46366 | R56: Completed
A57: CTRL-0018 | B57: Policy Control 53 | C57: PROTECT | D57: PR.AA | E57: Finance | F57: North America | G57: United States | H57: Medium | I57: Emma Schmidt | J57: Annual | K57: 45965 | L57: 46330 | M57: In Progress | N57: Missing | O57: 3 | P57: Emma Schmidt | Q57: 46345 | R57: In Progress
A58: CTRL-0019 | B58: Change Control 54 | C58: GOVERN | D58: GV.RR | E58: Human Resources | F58: Europe | G58: United Kingdom | H58: Critical | I58: Maya Patel | J58: Quarterly | K58: 45885 | L58: 45975 | M58: Overdue | N58: Missing | O58: 1 | P58: Maya Patel | Q58: 46250 | R58: Overdue
A59: CTRL-0020 | B59: Access Control 55 | C59: RECOVER | D59: RC.RP | E59: Risk & Compliance | F59: North America | G59: United States | H59: Medium | I59: Liam Brown | J59: Annual | K59: 46126 | L59: 46216 | M59: Overdue | N59: Complete | O59: 2 | P59: Sam Rivera | Q59: 46259 | R59: Overdue
A60: CTRL-0056 | B60: Data Control 56 | C60: PROTECT | D60: PR.AA | E60: Risk & Compliance | F60: Europe | G60: United Kingdom | H60: Low | I60: Sam Rivera | J60: Annual | K60: 45944 | L60: 46034 | M60: Overdue | N60: Pending | O60: 1 | P60: Taylor Morgan | Q60: 46151 | R60: Completed
A61: CTRL-0057 | B61: Incident Control 57 | C61: RESPOND | D61: RS.MA | E61: Risk & Compliance | F61: Europe | G61: United Kingdom | H61: Medium | I61: Emma Schmidt | J61: Semiannual | K61: 46136 | L61: 46501 | M61: Completed | N61: Pending | O61: 0 | P61: Taylor Morgan | Q61: 46135 | R61: Not Required
A62: CTRL-0058 | B62: Vendor Control 58 | C62: GOVERN | D62: GV.RR | E62: Technology | F62: North America | G62: United States | H62: Critical | I62: Alex Chen | J62: Annual | K62: 45884 | L62: 46249 | M62: Overdue | N62: Pending | O62: 4 | P62: Liam Brown | Q62: 46135 | R62: Overdue
A63: CTRL-0059 | B63: Vendor Control 59 | C63: DETECT | D63: DE.CM | E63: Human Resources | F63: Europe | G63: United Kingdom | H63: Medium | I63: Liam Brown | J63: Annual | K63: 46229 | L63: 46409 | M63: Completed | N63: Pending | O63: 2 | P63: Liam Brown | Q63: 46168 | R63: Overdue
A64: CTRL-0060 | B64: Incident Control 60 | C64: GOVERN | D64: GV.OC | E64: Human Resources | F64: Europe | G64: Germany | H64: Low | I64: Maya Patel | J64: Annual | K64: 46114 | L64: 46294 | M64: Overdue | N64: Pending | O64: 0 | P64: Liam Brown | Q64: 46321 | R64: Not Required
... A87: CTRL-0083 | B87: Change Control 83 | C87: GOVERN | D87: GV.OC | E87: Technology | F87: Asia Pacific | G87: Singapore | H87: Low | I87: Alex Chen | J87: Annual | K87: 46208 | L87: 46298 | M87: Completed | N87: Complete | O87: 2 | P87: Emma Schmidt | Q87: 46123 | R87: Completed
A88: CTRL-0084 | B88: Data Control 84 | C88: IDENTIFY | D88: ID.AM | E88: Commercial | F88: Asia Pacific | G88: Singapore | H88: Low | I88: Liam Brown | J88: Quarterly | K88: 45877 | L88: 46057 | M88: Overdue | O88: 0 | P88: Taylor Morgan | Q88: 46346 | R88: Not Required
A89: CTRL-0085 | B89: Data Control 85 | C89: DETECT | D89: DE.CM | E89: Finance | F89: Europe | G89: United Kingdom | H89: Critical | I89: Emma Schmidt | J89: Quarterly | K89: 46057 | L89: 46422 | M89: Completed | N89: Missing | O89: 3 | P89: Maya Patel | Q89: 46152 | R89: Overdue
A90: CTRL-0086 | B90: Policy Control 86 | C90: GOVERN | D90: GV.RM | E90: Human Resources | F90: North America | G90: Canada | H90: Medium | I90: Noah Williams | J90: Annual | K90: 46080 | L90: 46445 | M90: Completed | N90: Pending | O90: 3 | P90: Sam Rivera | Q90: 46165 | R90: Overdue
A91: CTRL-0087 | B91: Reconciliation Control 87 | C91: RESPOND | D91: RS.MA | E91: Technology | F91: Europe | G91: Germany | H91: Medium | I91: Liam Brown | J91: Annual | K91: 46071 | L91: 46251 | M91: Overdue | N91: Missing | O91: 0 | P91: Taylor Morgan | Q91: 46275 | R91: Not Required
A92: CTRL-0088 | B92: Data Control 88 | C92: GOVERN | D92: GV.OC | E92: Commercial | F92: Europe | G92: United Kingdom | H92: Critical | I92: Maya Patel | J92: Annual | K92: 46229 | L92: 46319 | M92: Completed | N92: Complete | O92: 5 | P92: Noah Williams | Q92: 46305 | R92: In Progress
A93: CTRL-0089 | B93: Change Control 89 | C93: IDENTIFY | D93: ID.AM | E93: Risk & Compliance | F93: Asia Pacific | G93: Singapore | H93: Medium | I93: Emma Schmidt | J93: Annual | K93: 45831 | L93: 46196 | M93: Overdue | N93: Complete | O93: 2 | P93: Liam Brown | Q93: 46274 | R93: Overdue
A94: CTRL-0090 | B94: Access Control 90 | C94: PROTECT | D94: PR.AA | E94: Operations | F94: North America | G94: United States | H94: High | I94: Noah Williams | J94: Quarterly | K94: 46217 | L94: 46397 | M94: Not Started | N94: Missing | O94: 4 | P94: Taylor Morgan | Q94: 46400 | R94: Completed
A95: CTRL-0091 | B95: Access Control 91 | C95: GOVERN | D95: GV.OC | E95: Operations | F95: Asia Pacific | G95: Singapore | H95: Medium | I95: Jordan Lee | J95: Annual | K95: 45830 | L95: 45920 | M95: Overdue | N95: Missing | O95: 3 | P95: Sam Rivera | Q95: 46150 | R95: Completed
A96: CTRL-0092 | B96: Change Control 92 | C96: GOVERN | D96: GV.RR | E96: Risk & Compliance | F96: Europe | G96: Germany | H96: Medium | I96: Noah Williams | J96: Annual | K96: 46116 | L96: 46481 | M96: Completed | N96: Missing | O96: 0 | P96: Alex Chen | Q96: 46141 | R96: Not Required
A97: CTRL-0093 | B97: Access Control 93 | C97: RESPOND | D97: RS.MA | E97: Operations | F97: Asia Pacific | G97: Singapore | H97: Medium | I97: Emma Schmidt | J97: Semiannual | K97: 46027 | L97: 46392 | M97: Completed | N97: Pending | O97: 1 | P97: Liam Brown | Q97: 46377 | R97: Completed
A98: CTRL-0094 | B98: Access Control 94 | C98: GOVERN | D98: GV.RM | E98: Finance | F98: Asia Pacific | G98: Singapore | H98: Low | I98: Alex Chen | J98: Semiannual | K98: 46272 | L98: 46362 | M98: Completed | N98: Complete | O98: 1 | P98: Emma Schmidt | Q98: 46245 | R98: Completed
A99: CTRL-0095 | B99: Access Control 95 | C99: RECOVER | D99: RC.RP | E99: Risk & Compliance | F99: North America | G99: United States | H99: Medium | J99: Semiannual | K99: 46158 | L99: 46523 | M99: Not Started | N99: Complete | O99: 3 | P99: Emma Schmidt | Q99: 46136 | R99: Overdue
A100: CTRL-0096 | B100: Access Control 96 | C100: DETECT | D100: DE.CM | E100: Commercial | F100: Asia Pacific | G100: Singapore | H100: Medium | I100: Taylor Morgan | J100: Semiannual | K100: 46217 | L100: 46397 | M100: Completed | N100: Pending | O100: 1 | P100: Maya Patel | Q100: 46350 | R100: In Progress
A101: CTRL-0097 | B101: Access Control 97 | C101: GOVERN | D101: GV.RR | E101: Human Resources | F101: North America | G101: Canada | H101: Medium | I101: Maya Patel | J101: Annual | K101: 46073 | L101: 46253 | M101: Overdue | N101: Missing | O101: 2 | P101: Maya Patel | Q101: 46228 | R101: Completed
A102: CTRL-0098 | B102: Policy Control 98 | C102: GOVERN | D102: GV.RR | E102: Operations | F102: Asia Pacific | G102: Singapore | H102: Medium | I102: Jordan Lee | J102: Annual | K102: 46155 | L102: 46245 | M102: Overdue | N102: Complete | O102: 2 | P102: Maya Patel | Q102: 46216 | R102: Completed
A103: CTRL-0099 | B103: Change Control 99 | C103: DETECT | D103: DE.CM | E103: Risk & Compliance | F103: North America | G103: Canada | H103: High | I103: Liam Brown | J103: Semiannual | K103: 45927 | L103: 46292 | M103: Overdue | N103: Missing | O103: 5 | P103: Maya Patel | Q103: 46280 | R103: Overdue
A104: CTRL-0100 | B104: Vendor Control 100 | C104: RECOVER | D104: RC.RP | E104: Commercial | F104: Europe | G104: Germany | H104: Medium | I104: Taylor Morgan | J104: Quarterly | K104: 45973 | L104: 46063 | M104: Overdue | N104: Pending | O104: 0 | P104: Alex Chen | Q104: 46273 | R104: Not Required
A105: CTRL-0101 | B105: Reconciliation Control 101 | C105: IDENTIFY | D105: ID.AM | E105: Finance | F105: Europe | G105: Germany | H105: Medium | I105: Maya Patel | J105: Annual | K105: 45961 | L105: 46326 | M105: Completed | N105: Pending | O105: 0 | P105: Liam Brown | Q105: 46345 | R105: Not Required
A106: CTRL-0102 | B106: Vendor Control 102 | C106: RECOVER | D106: RC.RP | E106: Finance | F106: Asia Pacific | G106: Singapore | H106: Medium | I106: Noah Williams | J106: Annual | K106: 45910 | L106: 46000 | M106: Overdue | N106: Missing | O106: 1 | P106: Jordan Lee | Q106: 46135 | R106: Completed
A107: CTRL-0103 | B107: Reconciliation Control 103 | C107: RESPOND | D107: RS.MA | E107: Operations | F107: Europe | G107: Germany | H107: Medium | I107: Noah Williams | J107: Semiannual | K107: 45928 | L107: 46293 | M107: Overdue | N107: Complete | O107: 2 | P107: Jordan Lee | Q107: 46148 | R107: Completed
A108: CTRL-0104 | B108: Incident Control 104 | C108: RESPOND | D108: RS.MA | E108: Human Resources | F108: Europe | G108: United Kingdom | H108: Medium | I108: Noah Williams | J108: Semiannual | K108: 46117 | L108: 46482 | M108: Not Started | N108: Complete | O108: 0 | P108: Jordan Lee | Q108: 46273 | R108: Not Required
A109: CTRL-0105 | B109: Change Control 105 | C109: GOVERN | D109: GV.RR | E109: Commercial | F109: Asia Pacific | G109: Singapore | H109: Medium | I109: Noah Williams | J109: Quarterly | K109: 46266 | L109: 46446 | M109: Completed | N109: Complete | O109: 2 | P109: Taylor Morgan | Q109: 46363 | R109: Completed
A110: CTRL-0106 | B110: Incident Control 106 | C110: GOVERN | D110: GV.RR | E110: Commercial | F110: North America | G110: United States | H110: Medium | I110: Jordan Lee | J110: Semiannual | K110: 45970 | L110: 46150 | M110: Overdue | N110: Complete | O110: 1 | P110: Alex Chen | Q110: 46207 | R110: Overdue
A111: CTRL-0107 | B111: Policy Control 107 | C111: PROTECT | D111: PR.AA | E111: Commercial | F111: Europe | G111: Germany | H111: High | I111: Liam Brown | J111: Semiannual | K111: 45963 | L111: 46143 | M111: Overdue | N111: Missing | O111: 3 | P111: Sam Rivera | Q111: 46234 | R111: Overdue
... A145: CTRL-0141 | B145: Data Control 141 | C145: RECOVER | D145: RC.RP | E145: Human Resources | F145: Asia Pacific | G145: Singapore | H145: Low | I145: Noah Williams | J145: Semiannual | K145: 45936 | L145: 46116 | M145: Overdue | N145: Missing | O145: 3 | P145: Noah Williams | Q145: 46275 | R145: Overdue
A146: CTRL-0142 | B146: Reconciliation Control 142 | C146: RECOVER | D146: RC.RP | E146: Human Resources | F146: Asia Pacific | G146: Singapore | H146: Medium | J146: Semiannual | K146: 46149 | L146: 46329 | M146: In Progress | N146: Pending | O146: 2 | P146: Noah Williams | Q146: 46221 | R146: Overdue
A147: CTRL-0143 | B147: Reconciliation Control 143 | C147: GOVERN | D147: GV.RM | E147: Operations | F147: Asia Pacific | G147: Singapore | H147: Low | I147: Emma Schmidt | J147: Semiannual | K147: 45817 | L147: 45997 | M147: Overdue | N147: Pending | O147: 1 | P147: Taylor Morgan | Q147: 46263 | R147: Completed
A148: CTRL-0144 | B148: Change Control 144 | C148: IDENTIFY | D148: ID.AM | E148: Technology | F148: Asia Pacific | G148: Singapore | H148: Low | I148: Taylor Morgan | J148: Quarterly | K148: 45798 | L148: 46163 | M148: Overdue | N148: Missing | O148: 2 | P148: Sam Rivera | Q148: 46185 | R148: Completed
A149: CTRL-0145 | B149: Vendor Control 145 | C149: GOVERN | D149: GV.RR | E149: Finance | F149: Asia Pacific | G149: Singapore | H149: Low | I149: Noah Williams | J149: Annual | K149: 45908 | L149: 46088 | M149: Overdue | N149: Complete | O149: 1 | P149: Liam Brown | Q149: 46117 | R149: Overdue
A150: CTRL-0146 | B150: Change Control 146 | C150: GOVERN | D150: GV.OC | E150: Operations | F150: Europe | G150: United Kingdom | H150: Medium | I150: Alex Chen | J150: Semiannual | K150: 45811 | L150: 45901 | M150: Overdue | N150: Missing | O150: 1 | P150: Jordan Lee | Q150: 46388 | R150: In Progress
A151: CTRL-0147 | B151: Reconciliation Control 147 | C151: DETECT | D151: DE.CM | E151: Risk & Compliance | F151: North America | G151: Canada | H151: Low | I151: Taylor Morgan | J151: Semiannual | K151: 45827 | L151: 45917 | M151: Overdue | N151: Complete | O151: 2 | P151: Liam Brown | Q151: 46405 | R151: In Progress
A152: CTRL-0148 | B152: Incident Control 148 | C152: GOVERN | D152: GV.OC | E152: Operations | F152: North America | G152: Canada | H152: Low | I152: Maya Patel | J152: Semiannual | K152: 46106 | L152: 46196 | M152: Overdue | N152: Missing | O152: 3 | P152: Taylor Morgan | Q152: 46246 | R152: Overdue
A153: CTRL-0149 | B153: Change Control 149 | C153: GOVERN | D153: GV.RM | E153: Technology | F153: Asia Pacific | G153: Singapore | H153: Medium | I153: Emma Schmidt | J153: Quarterly | K153: 45852 | L153: 46032 | M153: Overdue | N153: Missing | O153: 2 | P153: Liam Brown | Q153: 46159 | R153: Overdue
A154: CTRL-0150 | B154: Reconciliation Control 150 | C154: GOVERN | D154: GV.OC | E154: Finance | F154: Europe | G154: United Kingdom | H154: Low | I154: Sam Rivera | J154: Annual | K154: 46047 | L154: 46227 | M154: Overdue | N154: Pending | O154: 2 | P154: Noah Williams | Q154: 46413 | R154: In Progress
A155: CTRL-0151 | B155: Reconciliation Control 151 | C155: PROTECT | D155: PR.AA | E155: Finance | F155: Asia Pacific | G155: Singapore | H155: Medium | I155: Liam Brown | J155: Annual | K155: 46118 | L155: 46208 | M155: Overdue | N155: Pending | O155: 2 | P155: Sam Rivera | Q155: 46175 | R155: Overdue
A156: CTRL-0152 | B156: Data Control 152 | C156: GOVERN | D156: GV.RM | E156: Risk & Compliance | F156: North America | G156: United States | H156: Low | I156: Noah Williams | J156: Semiannual | K156: 46063 | L156: 46428 | M156: Completed | N156: Pending | O156: 1 | P156: Noah Williams | Q156: 46241 | R156: Overdue
A157: CTRL-0153 | B157: Incident Control 153 | C157: IDENTIFY | D157: ID.AM | E157: Finance | F157: North America | G157: United States | H157: High | I157: Sam Rivera | J157: Annual | K157: 45982 | L157: 46347 | M157: Completed | N157: Pending | O157: 4 | P157: Liam Brown | Q157: 46341 | R157: Completed
A158: CTRL-0154 | B158: Incident Control 154 | C158: GOVERN | D158: GV.OC | E158: Finance | F158: North America | G158: Canada | H158: Medium | I158: Emma Schmidt | J158: Quarterly | K158: 46042 | L158: 46407 | M158: Completed | N158: Pending | O158: 2 | P158: Maya Patel | Q158: 46126 | R158: Overdue
... A170: CTRL-0166 | B170: Reconciliation Control 166 | C170: RESPOND | D170: RS.MA | E170: Operations | F170: Europe | G170: United Kingdom | H170: Medium | I170: Alex Chen | J170: Quarterly | K170: 45987 | L170: 46077 | M170: Overdue | N170: Missing | O170: 1 | P170: Sam Rivera | Q170: 46123 | R170: Completed
A171: CTRL-0167 | B171: Vendor Control 167 | C171: RECOVER | D171: RC.RP | E171: Risk & Compliance | F171: Europe | G171: United Kingdom | H171: Medium | I171: Sam Rivera | J171: Quarterly | K171: 46020 | L171: 46385 | M171: Not Started | O171: 2 | P171: Noah Williams | Q171: 46365 | R171: In Progress
A172: CTRL-0168 | B172: Policy Control 168 | C172: GOVERN | D172: GV.OC | E172: Commercial | F172: North America | G172: United States | H172: Medium | I172: Jordan Lee | J172: Quarterly | K172: 45806 | L172: 46171 | M172: Overdue | N172: Missing | O172: 0 | P172: Alex Chen | Q172: 46383 | R172: Not Required
A173: CTRL-0169 | B173: Incident Control 169 | C173: RECOVER | D173: RC.RP | E173: Technology | F173: North America | G173: Canada | H173: High | I173: Sam Rivera | J173: Semiannual | K173: 46241 | L173: 46606 | M173: Completed | N173: Complete | O173: 4 | P173: Alex Chen | Q173: 46348 | R173: In Progress
A174: CTRL-0170 | B174: Data Control 170 | C174: GOVERN | D174: GV.RM | E174: Finance | F174: North America | G174: Canada | H174: Low | I174: Taylor Morgan | J174: Quarterly | K174: 46001 | L174: 46181 | M174: Overdue | N174: Complete | O174: 3 | P174: Sam Rivera | Q174: 46206 | R174: Completed
A175: CTRL-0171 | B175: Incident Control 171 | C175: GOVERN | D175: GV.RM | E175: Operations | F175: North America | G175: Canada | H175: Low | I175: Emma Schmidt | J175: Annual | K175: 46235 | L175: 46415 | M175: Not Started | N175: Missing | O175: 1 | P175: Alex Chen | Q175: 46230 | R175: Completed
A176: CTRL-0172 | B176: Incident Control 172 | C176: RESPOND | D176: RS.MA | E176: Risk & Compliance | F176: North America | G176: Canada | H176: Medium | I176: Liam Brown | J176: Semiannual | K176: 46247 | L176: 46612 | M176: Completed | N176: Complete | O176: 0 | P176: Maya Patel | Q176: 46370 | R176: Not Required
A177: CTRL-0173 | B177: Change Control 173 | C177: GOVERN | D177: GV.OC | E177: Technology | F177: Asia Pacific | G177: Singapore | H177: Low | I177: Liam Brown | J177: Semiannual | K177: 46137 | L177: 46227 | M177: Overdue | N177: Complete | O177: 2 | P177: Alex Chen | Q177: 46393 | R177: In Progress
A178: CTRL-0174 | B178: Incident Control 174 | C178: RESPOND | D178: RS.MA | E178: Commercial | F178: North America | G178: United States | H178: High | I178: Maya Patel | J178: Annual | K178: 46122 | L178: 46212 | M178: Overdue | N178: Missing | O178: 1 | P178: Noah Williams | Q178: 46405 | R178: In Progress
A179: CTRL-0175 | B179: Access Control 175 | C179: DETECT | D179: DE.CM | E179: Commercial | F179: Europe | G179: United Kingdom | H179: High | I179: Noah Williams | J179: Annual | K179: 46248 | L179: 46338 | M179: Completed | N179: Complete | O179: 2 | P179: Taylor Morgan | Q179: 46318 | R179: In Progress
A180: CTRL-0176 | B180: Policy Control 176 | C180: PROTECT | D180: PR.AA | E180: Technology | F180: Europe | G180: Germany | H180: Medium | I180: Emma Schmidt | J180: Quarterly | K180: 46054 | L180: 46144 | M180: Overdue | N180: Missing | O180: 3 | P180: Maya Patel | Q180: 46158 | R180: Overdue
A181: CTRL-0177 | B181: Vendor Control 177 | C181: PROTECT | D181: PR.AA | E181: Technology | F181: North America | G181: Canada | H181: Medium | I181: Jordan Lee | J181: Semiannual | K181: 45897 | L181: 46077 | M181: Overdue | N181: Pending | O181: 2 | P181: Taylor Morgan | Q181: 46169 | R181: Completed
A182: CTRL-0178 | B182: Data Control 178 | C182: DETECT | D182: DE.CM | E182: Finance | F182: North America | G182: United States | H182: Low | I182: Liam Brown | J182: Quarterly | K182: 45990 | L182: 46355 | M182: Completed | N182: Complete | O182: 0 | P182: Noah Williams | Q182: 46160 | R182: Not Required
A183: CTRL-0179 | B183: Reconciliation Control 179 | C183: PROTECT | D183: PR.AA | E183: Operations | F183: Europe | G183: United Kingdom | H183: Medium | I183: Maya Patel | J183: Semiannual | K183: 45904 | L183: 46269 | M183: Overdue | N183: Complete | O183: 1 | P183: Liam Brown | Q183: 46309 | R183: Completed
... A192: CTRL-0188 | B192: Incident Control 188 | C192: GOVERN | D192: GV.RM | E192: Operations | F192: Asia Pacific | G192: Singapore | H192: Low | I192: Alex Chen | J192: Quarterly | K192: 45861 | L192: 46226 | M192: Overdue | N192: Complete | O192: 0 | P192: Sam Rivera | Q192: 46290 | R192: Not Required
A193: CTRL-0189 | B193: Incident Control 189 | C193: GOVERN | D193: GV.RR | E193: Human Resources | F193: Asia Pacific | G193: Singapore | H193: Low | J193: Annual | K193: 45989 | L193: 46169 | M193: Overdue | N193: Pending | O193: 1 | P193: Emma Schmidt | Q193: 46322 | R193: In Progress
A194: CTRL-0190 | B194: Data Control 190 | C194: GOVERN | D194: GV.RM | E194: Commercial | F194: Europe | G194: United Kingdom | H194: Medium | I194: Sam Rivera | J194: Quarterly | K194: 46045 | L194: 46410 | M194: Completed | N194: Complete | O194: 1 | P194: Jordan Lee | Q194: 46220 | R194: Completed
A195: CTRL-0191 | B195: Reconciliation Control 191 | C195: GOVERN | D195: GV.RM | E195: Technology | F195: Europe | G195: Germany | H195: Medium | I195: Taylor Morgan | J195: Semiannual | K195: 45932 | L195: 46112 | M195: Overdue | N195: Missing | O195: 2 | P195: Liam Brown | Q195: 46313 | R195: In Progress
A196: CTRL-0192 | B196: Access Control 192 | C196: DETECT | D196: DE.CM | E196: Commercial | F196: Asia Pacific | G196: Singapore | H196: High | I196: Taylor Morgan | J196: Quarterly | K196: 45805 | L196: 46170 | M196: Overdue | N196: Missing | O196: 0 | P196: Taylor Morgan | Q196: 46183 | R196: Not Required
A197: CTRL-0193 | B197: Data Control 193 | C197: GOVERN | D197: GV.RR | E197: Operations | F197: North America | G197: United States | H197: Medium | I197: Emma Schmidt | J197: Quarterly | K197: 46061 | L197: 46426 | M197: Completed | N197: Pending | O197: 3 | P197: Liam Brown | Q197: 46210 | R197: Overdue
A198: CTRL-0194 | B198: Change Control 194 | C198: GOVERN | D198: GV.RR | E198: Technology | F198: Europe | G198: United Kingdom | H198: Medium | I198: Liam Brown | J198: Semiannual | K198: 45958 | L198: 46048 | M198: Overdue | N198: Pending | O198: 0 | P198: Liam Brown | Q198: 46363 | R198: Not Required
A199: CTRL-0195 | B199: Reconciliation Control 195 | C199: IDENTIFY | D199: ID.AM | E199: Risk & Compliance | F199: Europe | G199: Germany | H199: High | I199: Liam Brown | J199: Quarterly | K199: 46025 | L199: 46115 | M199: Overdue | N199: Complete | O199: 4 | P199: Taylor Morgan | Q199: 46130 | R199: Overdue
A200: CTRL-0196 | B200: Data Control 196 | C200: DETECT | D200: DE.CM | E200: Technology | F200: North America | G200: Canada | H200: High | I200: Liam Brown | J200: Quarterly | K200: 45994 | L200: 46359 | M200: Completed | N200: Complete | O200: 2 | P200: Liam Brown | Q200: 46393 | R200: In Progress
A201: CTRL-0197 | B201: Vendor Control 197 | C201: GOVERN | D201: GV.RM | E201: Risk & Compliance | F201: Asia Pacific | G201: Singapore | H201: Low | I201: Sam Rivera | J201: Quarterly | K201: 46123 | L201: 46213 | M201: Overdue | N201: Pending | O201: 2 | P201: Sam Rivera | Q201: 46293 | R201: Overdue
A202: CTRL-0198 | B202: Data Control 198 | C202: PROTECT | D202: PR.AA | E202: Commercial | F202: North America | G202: Canada | H202: Medium | I202: Emma Schmidt | J202: Annual | K202: 46191 | L202: 46556 | M202: Completed | N202: Complete | O202: 1 | P202: Jordan Lee | Q202: 46145 | R202: Overdue
A203: CTRL-0199 | B203: Policy Control 199 | C203: DETECT | D203: DE.CM | E203: Operations | F203: Europe | G203: Germany | H203: Medium | I203: Maya Patel | J203: Quarterly | K203: 46206 | L203: 46386 | M203: Not Started | N203: Missing | O203: 1 | P203: Emma Schmidt | Q203: 46182 | R203: Completed
A204: CTRL-0200 | B204: Incident Control 200 | C204: PROTECT | D204: PR.AA | E204: Human Resources | F204: Europe | G204: United Kingdom | H204: Medium | I204: Emma Schmidt | J204: Semiannual | K204: 46083 | L204: 46263 | M204: Overdue | N204: Complete | O204: 0 | P204: Liam Brown | Q204: 46321 | R204: Not Required
A205: CTRL-0201 | B205: Change Control 201 | C205: RESPOND | D205: RS.MA | E205: Human Resources | F205: Europe | G205: Germany | H205: Low | I205: Maya Patel | J205: Semiannual | K205: 45901 | L205: 46081 | M205: Overdue | N205: Missing | O205: 2 | P205: Sam Rivera | Q205: 46147 | R205: Overdue
... A239: CTRL-0235 | B239: Policy Control 235 | C239: DETECT | D239: DE.CM | E239: Commercial | F239: Europe | G239: Germany | H239: Medium | I239: Jordan Lee | J239: Annual | K239: 46185 | L239: 46550 | M239: Completed | N239: Missing | O239: 3 | P239: Sam Rivera | Q239: 46405 | R239: Completed
A240: CTRL-0236 | B240: Policy Control 236 | C240: GOVERN | D240: GV.RM | E240: Risk & Compliance | F240: Asia Pacific | G240: Singapore | H240: Low | J240: Annual | K240: 45894 | L240: 45984 | M240: Overdue | N240: Complete | O240: 2 | P240: Noah Williams | Q240: 46278 | R240: Completed
A241: CTRL-0237 | B241: Vendor Control 237 | C241: RESPOND | D241: RS.MA | E241: Operations | F241: Europe | G241: United Kingdom | H241: Low | I241: Maya Patel | J241: Annual | K241: 46096 | L241: 46276 | M241: Overdue | N241: Complete | O241: 0 | P241: Emma Schmidt | Q241: 46139 | R241: Not Required
A242: CTRL-0238 | B242: Change Control 238 | C242: IDENTIFY | D242: ID.AM | E242: Risk & Compliance | F242: North America | G242: Canada | H242: High | I242: Noah Williams | J242: Semiannual | K242: 45996 | L242: 46176 | M242: Overdue | N242: Complete | O242: 3 | P242: Maya Patel | Q242: 46410 | R242: In Progress
...

Sheet Data_Quality
A1: Data Quality & Exception Checks
A4: Control_ID | B4: Duplicate_Flag | C4: Missing_Owner | D4: Missing_Evidence | E4: Country_Issue | F4: BU_Whitespace | G4: Overdue_Review | H4: Overdue_Remediation | I4: Overall_Result
A5: =Controls_Raw!A5 -> CTRL-0001 | B5: =IF(COUNTIF(Controls_Raw!$A$5:$A$1504,A5)>1,"Duplicate","OK") -> Duplicate | C5: =IF(LEN(TRIM(Controls_Raw!I5))=0,"Missing","OK") -> Missing | D5: =IF(LEN(TRIM(Controls_Raw!N5))=0,"Missing","OK") -> Missing | E5: =IF(OR(Controls_Raw!G5="USA",Controls_Raw!G5="UK"),"Standardize","OK") -> OK | F5: =IF(Controls_Raw!E5<>TRIM(Controls_Raw!E5),"Trim","OK") -> Trim | G5: =IF(AND(Controls_Raw!L5<DATE(2026,9,30),Controls_Raw!M5<>"Completed"),"Overdue","OK") -> Overdue | H5: =IF(AND(Controls_Raw!Q5<DATE(2026,9,30),Controls_Raw!R5<>"Completed",Controls_Raw!R5<>"Not Required"),"Overdue","OK") -> Overdue | I5: =IF(COUNTIF(B5:H5,"<>OK")>0,"Issue","Pass") -> Issue
A6: =Controls_Raw!A6 -> CTRL-0002 | B6: =IF(COUNTIF(Controls_Raw!$A$5:$A$1504,A6)>1,"Duplicate","OK") -> Duplicate | C6: =IF(LEN(TRIM(Controls_Raw!I6))=0,"Missing","OK") -> OK | D6: =IF(LEN(TRIM(Controls_Raw!N6))=0,"Missing","OK") -> OK | E6: =IF(OR(Controls_Raw!G6="USA",Controls_Raw!G6="UK"),"Standardize","OK") -> OK | F6: =IF(Controls_Raw!E6<>TRIM(Controls_Raw!E6),"Trim","OK") -> OK | G6: =IF(AND(Controls_Raw!L6<DATE(2026,9,30),Controls_Raw!M6<>"Completed"),"Overdue","OK") -> Overdue | H6: =IF(AND(Controls_Raw!Q6<DATE(2026,9,30),Controls_Raw!R6<>"Completed",Controls_Raw!R6<>"Not Required"),"Overdue","OK") -> Overdue | I6: =IF(COUNTIF(B6:H6,"<>OK")>0,"Issue","Pass") -> Issue
A7: =Controls_Raw!A7 -> CTRL-0003 | B7: =IF(COUNTIF(Controls_Raw!$A$5:$A$1504,A7)>1,"Duplicate","OK") -> Duplicate | C7: =IF(LEN(TRIM(Controls_Raw!I7))=0,"Missing","OK") -> OK | D7: =IF(LEN(TRIM(Controls_Raw!N7))=0,"Missing","OK") -> OK | E7: =IF(OR(Controls_Raw!G7="USA",Controls_Raw!G7="UK"),"Standardize","OK") -> OK | F7: =IF(Controls_Raw!E7<>TRIM(Controls_Raw!E7),"Trim","OK") -> OK | G7: =IF(AND(Controls_Raw!L7<DATE(2026,9,30),Controls_Raw!M7<>"Completed"),"Overdue","OK") -> Overdue | H7: =IF(AND(Controls_Raw!Q7<DATE(2026,9,30),Controls_Raw!R7<>"Completed",Controls_Raw!R7<>"Not Required"),"Overdue","OK") -> OK | I7: =IF(COUNTIF(B7:H7,"<>OK")>0,"Issue","Pass") -> Issue
A8: =Controls_Raw!A8 -> CTRL-0004 | B8: =IF(COUNTIF(Controls_Raw!$A$5:$A$1504,A8)>1,"Duplicate","OK") -> Duplicate | C8: =IF(LEN(TRIM(Controls_Raw!I8))=0,"Missing","OK") -> OK | D8: =IF(LEN(TRIM(Controls_Raw!N8))=0,"Missing","OK") -> OK | E8: =IF(OR(Controls_Raw!G8="USA",Controls_Raw!G8="UK"),"Standardize","OK") -> OK | F8: =IF(Controls_Raw!E8<>TRIM(Controls_Raw!E8),"Trim","OK") -> OK | G8: =IF(AND(Controls_Raw!L8<DATE(2026,9,30),Controls_Raw!M8<>"Completed"),"Overdue","OK") -> OK | H8: =IF(AND(Controls_Raw!Q8<DATE(2026,9,30),Controls_Raw!R8<>"Completed",Controls_Raw!R8<>"Not Required"),"Overdue","OK") -> OK | I8: =IF(COUNTIF(B8:H8,"<>OK")>0,"Issue","Pass") -> Issue
A9: =Controls_Raw!A9 -> CTRL-0005 | B9: =IF(COUNTIF(Controls_Raw!$A$5:$A$1504,A9)>1,"Duplicate","OK") -> Duplicate | C9: =IF(LEN(TRIM(Controls_Raw!I9))=0,"Missing","OK") -> OK | D9: =IF(LEN(TRIM(Controls_Raw!N9))=0,"Missing","OK") -> OK | E9: =IF(OR(Controls_Raw!G9="USA",Controls_Raw!G9="UK"),"Standardize","OK") -> OK | F9: =IF(Controls_Raw!E9<>TRIM(Controls_Raw!E9),"Trim","OK") -> OK | G9: =IF(AND(Controls_Raw!L9<DATE(2026,9,30),Controls_Raw!M9<>"Completed"),"Overdue","OK") -> OK | H9: =IF(AND(Controls_Raw!Q9<DATE(2026,9,30),Controls_Raw!R9<>"Completed",Controls_Raw!R9<>"Not Required"),"Overdue","OK") -> OK | I9: =IF(COUNTIF(B9:H9,"<>OK")>0,"Issue","Pass") -> Issue
A10: =Controls_Raw!A10 -> CTRL-0006 | B10: =IF(COUNTIF(Controls_Raw!$A$5:$A$1504,A10)>1,"Duplicate","OK") -> Duplicate | C10: =IF(LEN(TRIM(Controls_Raw!I10))=0,"Missing","OK") -> OK | D10: =IF(LEN(TRIM(Controls_Raw!N10))=0,"Missing","OK") -> OK | E10: =IF(OR(Controls_Raw!G10="USA",Controls_Raw!G10="UK"),"Standardize","OK") -> OK | F10: =IF(Controls_Raw!E10<>TRIM(Controls_Raw!E10),"Trim","OK") -> OK | G10: =IF(AND(Controls_Raw!L10<DATE(2026,9,30),Controls_Raw!M10<>"Completed"),"Overdue","OK") -> Overdue | H10: =IF(AND(Controls_Raw!Q10<DATE(2026,9,30),Controls_Raw!R10<>"Completed",Controls_Raw!R10<>"Not Required"),"Overdue","OK") -> OK | I10: =IF(COUNTIF(B10:H10,"<>OK")>0,"Issue","Pass") -> Issue
A11: =Controls_Raw!A11 -> CTRL-0007 | B11: =IF(COUNTIF(Controls_Raw!$A$5:$A$1504,A11)>1,"Duplicate","OK") -> Duplicate | C11: =IF(LEN(TRIM(Controls_Raw!I11))=0,"Missing","OK") -> OK | D11: =IF(LEN(TRIM(Controls_Raw!N11))=0,"Missing","OK") -> OK | E11: =IF(OR(Controls_Raw!G11="USA",Controls_Raw!G11="UK"),"Standardize","OK") -> OK | F11: =IF(Controls_Raw!E11<>TRIM(Controls_Raw!E11),"Trim","OK") -> OK | G11: =IF(AND(Controls_Raw!L11<DATE(2026,9,30),Controls_Raw!M11<>"Completed"),"Overdue","OK") -> Overdue | H11: =IF(AND(Controls_Raw!Q11<DATE(2026,9,30),Controls_Raw!R11<>"Completed",Controls_Raw!R11<>"Not Required"),"Overdue","OK") -> Overdue | I11: =IF(COUNTIF(B11:H11,"<>OK")>0,"Issue","Pass") -> Issue
A12: =Controls_Raw!A12 -> CTRL-0008 | B12: =IF(COUNTIF(Controls_Raw!$A$5:$A$1504,A12)>1,"Duplicate","OK") -> Duplicate | C12: =IF(LEN(TRIM(Controls_Raw!I12))=0,"Missing","OK") -> OK | D12: =IF(LEN(TRIM(Controls_Raw!N12))=0,"Missing","OK") -> OK | E12: =IF(OR(Controls_Raw!G12="USA",Controls_Raw!G12="UK"),"Standardize","OK") -> OK | F12: =IF(Controls_Raw!E12<>TRIM(Controls_Raw!E12),"Trim","OK") -> OK | G12: =IF(AND(Controls_Raw!L12<DATE(2026,9,30),Controls_Raw!M12<>"Completed"),"Overdue","OK") -> Overdue | H12: =IF(AND(Controls_Raw!Q12<DATE(2026,9,30),Controls_Raw!R12<>"Completed",Controls_Raw!R12<>"Not Required"),"Overdue","OK") -> OK | I12: =IF(COUNTIF(B12:H12,"<>OK")>0,"Issue","Pass") -> Issue
A13: =Controls_Raw!A13 -> CTRL-0009 | B13: =IF(COUNTIF(Controls_Raw!$A$5:$A$1504,A13)>1,"Duplicate","OK") -> Duplicate | C13: =IF(LEN(TRIM(Controls_Raw!I13))=0,"Missing","OK") -> OK | D13: =IF(LEN(TRIM(Controls_Raw!N13))=0,"Missing","OK") -> OK | E13: =IF(OR(Controls_Raw!G13="USA",Controls_Raw!G13="UK"),"Standardize","OK") -> OK | F13: =IF(Controls_Raw!E13<>TRIM(Controls_Raw!E13),"Trim","OK") -> OK | G13: =IF(AND(Controls_Raw!L13<DATE(2026,9,30),Controls_Raw!M13<>"Completed"),"Overdue","OK") -> Overdue | H13: =IF(AND(Controls_Raw!Q13<DATE(2026,9,30),Controls_Raw!R13<>"Completed",Controls_Raw!R13<>"Not Required"),"Overdue","OK") -> OK | I13: =IF(COUNTIF(B13:H13,"<>OK")>0,"Issue","Pass") -> Issue
A14: =Controls_Raw!A14 -> CTRL-0010 | B14: =IF(COUNTIF(Controls_Raw!$A$5:$A$1504,A14)>1,"Duplicate","OK") -> Duplicate | C14: =IF(LEN(TRIM(Controls_Raw!I14))=0,"Missing","OK") -> OK | D14: =IF(LEN(TRIM(Controls_Raw!N14))=0,"Missing","OK") -> OK | E14: =IF(OR(Controls_Raw!G14="USA",Controls_Raw!G14="UK"),"Standardize","OK") -> OK | F14: =IF(Controls_Raw!E14<>TRIM(Controls_Raw!E14),"Trim","OK") -> OK | G14: =IF(AND(Controls_Raw!L14<DATE(2026,9,30),Controls_Raw!M14<>"Completed"),"Overdue","OK") -> Overdue | H14: =IF(AND(Controls_Raw!Q14<DATE(2026,9,30),Controls_Raw!R14<>"Completed",Controls_Raw!R14<>"Not Required"),"Overdue","OK") -> OK | I14: =IF(COUNTIF(B14:H14,"<>OK")>0,"Issue","Pass") -> Issue
A15: =Controls_Raw!A15 -> CTRL-0011 | B15: =IF(COUNTIF(Controls_Raw!$A$5:$A$1504,A15)>1,"Duplicate","OK") -> Duplicate | C15: =IF(LEN(TRIM(Controls_Raw!I15))=0,"Missing","OK") -> OK | D15: =IF(LEN(TRIM(Controls_Raw!N15))=0,"Missing","OK") -> OK | E15: =IF(OR(Controls_Raw!G15="USA",Controls_Raw!G15="UK"),"Standardize","OK") -> OK | F15: =IF(Controls_Raw!E15<>TRIM(Controls_Raw!E15),"Trim","OK") -> OK | G15: =IF(AND(Controls_Raw!L15<DATE(2026,9,30),Controls_Raw!M15<>"Completed"),"Overdue","OK") -> OK | H15: =IF(AND(Controls_Raw!Q15<DATE(2026,9,30),Controls_Raw!R15<>"Completed",Controls_Raw!R15<>"Not Required"),"Overdue","OK") -> OK | I15: =IF(COUNTIF(B15:H15,"<>OK")>0,"Issue","Pass") -> Issue
A16: =Controls_Raw!A16 -> CTRL-0012 | B16: =IF(COUNTIF(Controls_Raw!$A$5:$A$1504,A16)>1,"Duplicate","OK") -> Duplicate | C16: =IF(LEN(TRIM(Controls_Raw!I16))=0,"Missing","OK") -> OK | D16: =IF(LEN(TRIM(Controls_Raw!N16))=0,"Missing","OK") -> OK | E16: =IF(OR(Controls_Raw!G16="USA",Controls_Raw!G16="UK"),"Standardize","OK") -> OK | F16: =IF(Controls_Raw!E16<>TRIM(Controls_Raw!E16),"Trim","OK") -> OK | G16: =IF(AND(Controls_Raw!L16<DATE(2026,9,30),Controls_Raw!M16<>"Completed"),"Overdue","OK") -> Overdue | H16: =IF(AND(Controls_Raw!Q16<DATE(2026,9,30),Controls_Raw!R16<>"Completed",Controls_Raw!R16<>"Not Required"),"Overdue","OK") -> OK | I16: =IF(COUNTIF(B16:H16,"<>OK")>0,"Issue","Pass") -> Issue
... A1504: =Controls_Raw!A1504 -> CTRL-1500 | B1504: =IF(COUNTIF(Controls_Raw!$A$5:$A$1504,A1504)>1,"Duplicate","OK") -> OK | C1504: =IF(LEN(TRIM(Controls_Raw!I1504))=0,"Missing","OK") -> OK | D1504: =IF(LEN(TRIM(Controls_Raw!N1504))=0,"Missing","OK") -> OK | E1504: =IF(OR(Controls_Raw!G1504="USA",Controls_Raw!G1504="UK"),"Standardize","OK") -> OK | F1504: =IF(Controls_Raw!E1504<>TRIM(Controls_Raw!E1504),"Trim","OK") -> OK | G1504: =IF(AND(Controls_Raw!L1504<DATE(2026,9,30),Controls_Raw!M1504<>"Completed"),"Overdue","OK") -> OK | H1504: =IF(AND(Controls_Raw!Q1504<DATE(2026,9,30),Controls_Raw!R1504<>"Completed",Controls_Raw!R1504<>"Not Required"),"Overdue","OK") -> OK | I1504: =IF(COUNTIF(B1504:H1504,"<>OK")>0,"Issue","Pass") -> Pass

Sheet Dashboard
A1: Governance & Compliance Dashboard
A4: Total Controls | D4: High/Critical | G4: Overdue Reviews | J4: Missing Owners
A5: 1500 | D5: 443 | G5: 878 | J5: 32
A9: Region | B9: Controls
A10: Asia Pacific | B10: 485
A11: North America | B11: 478
A12: Europe | B12: 537

Sheet Power_Query_Steps
A1: Power Query Build Steps
A4: Step | B4: Action | C4: Instruction
A5: 1 | B5: Open source | C5: Controls_Raw → click inside table → Data → From Table/Range.
A6: 2 | B6: Set types | C6: Set date fields to Date, Issue_Count to Whole Number, identifiers/text to Text.
A7: 3 | B7: Trim/Clean | C7: Transform → Format → Trim/Clean on business unit, country, owner, evidence fields.
A8: 4 | B8: Standardize | C8: Replace USA with United States and UK with United Kingdom.
A9: 5 | B9: Inspect duplicates | C9: Select Control_ID → Keep Duplicates for review; do not delete blindly.
A10: 6 | B10: Preserve exceptions | C10: Do not invent missing owners/evidence; keep them visible for governance follow-up.
A11: 7 | B11: Load | C11: Close & Load to a new table and compare with Cleaned_Controls.
A12: 8 | B12: Refresh test | C12: Change a raw record and Data → Refresh All.

Sheet PowerBI_Measures
A1: Power BI Starter Measures
A4: Measure | B4: DAX | C4: Use
A5: Total Controls | B5: Total Controls = COUNTROWS(Controls) | C5: Executive reporting
A6: Completed Controls | B6: Completed Controls = CALCULATE([Total Controls], Controls[Status] = "Completed") | C6: Executive reporting
A7: Completion Rate | B7: Completion Rate = DIVIDE([Completed Controls],[Total Controls],0) | C7: Executive reporting
A8: High Critical Controls | B8: High Critical Controls = CALCULATE([Total Controls], Controls[Risk_Level] IN {"High","Critical"}) | C8: Executive reporting
A9: Total Issues | B9: Total Issues = SUM(Controls[Issue_Count]) | C9: Executive reporting

Sheet Sources
A1: Sources & Data Provenance
A4: Source | B4: How Used | C4: URL | D4: Authority
A5: NIST Cybersecurity Framework 2.0 | B5: Taxonomy/reference basis | C5: https://nvlpubs.nist.gov/nistpubs/CSWP/NIST.CSWP.29.pdf | D5: Official NIST
A6: ISO 3166 Country Codes | B6: Country standardization reference | C6: https://www.iso.org/iso-3166-country-codes.html | D6: Official ISO
A7: Microsoft Power BI SharePoint List | B7: Implementation guidance | C7: https://learn.microsoft.com/en-us/power-bi/connect-data/desktop-sharepoint-online-list | D7: Microsoft Learn
A8: Power Automate Approvals | B8: Approval workflow guidance | C8: https://learn.microsoft.com/en-us/power-automate/modern-approvals | D8: Microsoft Learn
